pair_key,benchmark,model,n_tasks,b,policy,alpha,m,weight,variance_ratio,ratio_mc_se
aime24__model=qwen2_5_32b,aime24,qwen2_5_32b,30,8,hbn,,4,0.4827531212313649,0.9188682551141313,0.00032433916646620615
aime24__model=qwen2_5_32b,aime24,qwen2_5_32b,30,16,hbn,,6,0.35264930588277205,0.8757633448885511,0.0005876541794023175
aime24__model=qwen2_5_32b,aime24,qwen2_5_32b,30,32,hbn,,10,0.28592995791015385,0.8136501074686884,0.0005396566449912141
aime24__model=qwen2_5_32b,aime24,qwen2_5_32b,30,64,hbn,,16,0.2228152798475245,0.7552239388524137,0.00048717803527436573
aime24__model=qwen2_5_3b,aime24,qwen2_5_3b,30,8,hbn,,4,0.4827531212313649,0.8659566396884188,0.0005223782420907937
aime24__model=qwen2_5_3b,aime24,qwen2_5_3b,30,16,hbn,,6,0.35264930588277205,0.8001268428092698,0.0006436570891404013
aime24__model=qwen2_5_3b,aime24,qwen2_5_3b,30,32,hbn,,10,0.28592995791015385,0.7317598832297599,0.0007022307675761088
aime24__model=qwen2_5_3b,aime24,qwen2_5_3b,30,64,hbn,,16,0.2228152798475245,0.6642594404182274,0.0006798399161613211
aime24__model=qwen2_5_7b,aime24,qwen2_5_7b,30,8,hbn,,4,0.4827531212313649,0.8394771758274795,0.00042582575694247556
aime24__model=qwen2_5_7b,aime24,qwen2_5_7b,30,16,hbn,,6,0.35264930588277205,0.7633174165607386,0.0006065674788239738
aime24__model=qwen2_5_7b,aime24,qwen2_5_7b,30,32,hbn,,10,0.28592995791015385,0.6971580909791075,0.0005014044308179027
aime24__model=qwen2_5_7b,aime24,qwen2_5_7b,30,64,hbn,,16,0.2228152798475245,0.6456595320454765,0.0004625771296109799
aime24__model=qwen3_5_27b,aime24,qwen3_5_27b,30,8,hbn,,4,0.4827531212313649,0.9103198426793468,0.00022058851403994312
aime24__model=qwen3_5_27b,aime24,qwen3_5_27b,30,16,hbn,,6,0.35264930588277205,0.8422300052523055,0.00035521146899768257
aime24__model=qwen3_5_27b,aime24,qwen3_5_27b,30,32,hbn,,10,0.28592995791015385,0.7825891313654438,0.0003068257267014308
aime24__model=qwen3_5_27b,aime24,qwen3_5_27b,30,64,hbn,,16,0.2228152798475245,0.732949401138567,0.0002726213696395679
aime24__model=qwen3_5_4b,aime24,qwen3_5_4b,30,8,hbn,,4,0.4827531212313649,0.9367984647138105,0.000262454803758917
aime24__model=qwen3_5_4b,aime24,qwen3_5_4b,30,16,hbn,,6,0.35264930588277205,0.8907362827341168,0.000294249295068547
aime24__model=qwen3_5_4b,aime24,qwen3_5_4b,30,32,hbn,,10,0.28592995791015385,0.8423145564495849,0.0003083955469712423
aime24__model=qwen3_5_4b,aime24,qwen3_5_4b,30,64,hbn,,16,0.2228152798475245,0.8012646520536888,0.0002822080269207489
aime24__model=qwen3_5_9b,aime24,qwen3_5_9b,30,8,hbn,,4,0.4827531212313649,0.9551166989057858,0.00028626009909440964
aime24__model=qwen3_5_9b,aime24,qwen3_5_9b,30,16,hbn,,6,0.35264930588277205,0.9166649205657749,0.000332416174147916
aime24__model=qwen3_5_9b,aime24,qwen3_5_9b,30,32,hbn,,10,0.28592995791015385,0.874573123302508,0.0003371994890633807
aime24__model=qwen3_5_9b,aime24,qwen3_5_9b,30,64,hbn,,16,0.2228152798475245,0.8372024517234677,0.0002973550684442633
aime25__model=qwen2_5_32b,aime25,qwen2_5_32b,30,8,hbn,,4,0.4827531212313649,0.8925826576122573,0.00028627997558456557
aime25__model=qwen2_5_32b,aime25,qwen2_5_32b,30,16,hbn,,6,0.35264930588277205,0.830384411828073,0.00040221849665804637
aime25__model=qwen2_5_32b,aime25,qwen2_5_32b,30,32,hbn,,10,0.28592995791015385,0.7732449719983256,0.0004157676475853428
aime25__model=qwen2_5_32b,aime25,qwen2_5_32b,30,64,hbn,,16,0.2228152798475245,0.7169282912021446,0.00038459710651991954
aime25__model=qwen2_5_3b,aime25,qwen2_5_3b,30,8,hbn,,4,0.4827531212313649,0.910841024093103,0.0005555818799824844
aime25__model=qwen2_5_3b,aime25,qwen2_5_3b,30,16,hbn,,6,0.35264930588277205,0.8776288459642586,0.0008298317248577793
aime25__model=qwen2_5_3b,aime25,qwen2_5_3b,30,32,hbn,,10,0.28592995791015385,0.8190052440738175,0.0009132469647335777
aime25__model=qwen2_5_3b,aime25,qwen2_5_3b,30,64,hbn,,16,0.2228152798475245,0.7528112436264394,0.0008205004826320065
aime25__model=qwen2_5_7b,aime25,qwen2_5_7b,30,8,hbn,,4,0.4827531212313649,0.8823431683706834,0.00040149050049691264
aime25__model=qwen2_5_7b,aime25,qwen2_5_7b,30,16,hbn,,6,0.35264930588277205,0.8197873444573549,0.00047368743204511196
aime25__model=qwen2_5_7b,aime25,qwen2_5_7b,30,32,hbn,,10,0.28592995791015385,0.7517877897199128,0.00047649406571957935
aime25__model=qwen2_5_7b,aime25,qwen2_5_7b,30,64,hbn,,16,0.2228152798475245,0.6859034595997024,0.0004633992585370717
aime25__model=qwen3_5_27b,aime25,qwen3_5_27b,30,8,hbn,,4,0.4827531212313649,0.9310235719496136,0.00023144377515464461
aime25__model=qwen3_5_27b,aime25,qwen3_5_27b,30,16,hbn,,6,0.35264930588277205,0.8851271222367554,0.000333112205701159
aime25__model=qwen3_5_27b,aime25,qwen3_5_27b,30,32,hbn,,10,0.28592995791015385,0.8311678041239632,0.00034135375578125336
aime25__model=qwen3_5_27b,aime25,qwen3_5_27b,30,64,hbn,,16,0.2228152798475245,0.7778205655507553,0.00034560119781304005
aime25__model=qwen3_5_4b,aime25,qwen3_5_4b,30,8,hbn,,4,0.4827531212313649,0.9389070161790739,0.00034557551829617105
aime25__model=qwen3_5_4b,aime25,qwen3_5_4b,30,16,hbn,,6,0.35264930588277205,0.8883666999386246,0.0004525746150685656
aime25__model=qwen3_5_4b,aime25,qwen3_5_4b,30,32,hbn,,10,0.28592995791015385,0.821133581850193,0.0004759561819842118
aime25__model=qwen3_5_4b,aime25,qwen3_5_4b,30,64,hbn,,16,0.2228152798475245,0.758343892551551,0.0004397232945937289
aime25__model=qwen3_5_9b,aime25,qwen3_5_9b,30,8,hbn,,4,0.4827531212313649,0.9303573466322785,0.0003876256813624116
aime25__model=qwen3_5_9b,aime25,qwen3_5_9b,30,16,hbn,,6,0.35264930588277205,0.8747677101515341,0.0004633997899342348
aime25__model=qwen3_5_9b,aime25,qwen3_5_9b,30,32,hbn,,10,0.28592995791015385,0.8071926146317085,0.0004655676500246858
aime25__model=qwen3_5_9b,aime25,qwen3_5_9b,30,64,hbn,,16,0.2228152798475245,0.7466324936644984,0.0003900507114912573
aime26__model=qwen2_5_32b,aime26,qwen2_5_32b,30,8,hbn,,4,0.4827531212313649,0.8829099824049196,0.0005298785935121
aime26__model=qwen2_5_32b,aime26,qwen2_5_32b,30,16,hbn,,6,0.35264930588277205,0.8084182594765803,0.0006347942915182887
aime26__model=qwen2_5_32b,aime26,qwen2_5_32b,30,32,hbn,,10,0.28592995791015385,0.7467418064116721,0.0005228229365501619
aime26__model=qwen2_5_32b,aime26,qwen2_5_32b,30,64,hbn,,16,0.2228152798475245,0.6976616037151462,0.0004553630625769903
aime26__model=qwen2_5_3b,aime26,qwen2_5_3b,30,8,hbn,,4,0.4827531212313649,0.8340652858869946,0.0005825874725230864
aime26__model=qwen2_5_3b,aime26,qwen2_5_3b,30,16,hbn,,6,0.35264930588277205,0.7637621555490394,0.0007642781797666734
aime26__model=qwen2_5_3b,aime26,qwen2_5_3b,30,32,hbn,,10,0.28592995791015385,0.6901326483719465,0.0007106591546228442
aime26__model=qwen2_5_3b,aime26,qwen2_5_3b,30,64,hbn,,16,0.2228152798475245,0.6291615126130798,0.0005888127685749795
aime26__model=qwen2_5_7b,aime26,qwen2_5_7b,30,8,hbn,,4,0.4827531212313649,0.8209235463729875,0.00030836731937092775
aime26__model=qwen2_5_7b,aime26,qwen2_5_7b,30,16,hbn,,6,0.35264930588277205,0.7526721291565976,0.00039526307442867294
aime26__model=qwen2_5_7b,aime26,qwen2_5_7b,30,32,hbn,,10,0.28592995791015385,0.6996257749768224,0.0005412024211225729
aime26__model=qwen2_5_7b,aime26,qwen2_5_7b,30,64,hbn,,16,0.2228152798475245,0.6434046843050607,0.0005932551457432326
aime26__model=qwen3_5_27b,aime26,qwen3_5_27b,30,8,hbn,,4,0.4827531212313649,0.9487319789056105,0.0002300340520390551
aime26__model=qwen3_5_27b,aime26,qwen3_5_27b,30,16,hbn,,6,0.35264930588277205,0.9084299098465703,0.0004064327941578996
aime26__model=qwen3_5_27b,aime26,qwen3_5_27b,30,32,hbn,,10,0.28592995791015385,0.8550256087942629,0.000415466369849509
aime26__model=qwen3_5_27b,aime26,qwen3_5_27b,30,64,hbn,,16,0.2228152798475245,0.796357114293474,0.0003675947751486726
aime26__model=qwen3_5_4b,aime26,qwen3_5_4b,30,8,hbn,,4,0.4827531212313649,0.9354516666492625,0.00031413808205479925
aime26__model=qwen3_5_4b,aime26,qwen3_5_4b,30,16,hbn,,6,0.35264930588277205,0.8868301669194159,0.0003397484557106566
aime26__model=qwen3_5_4b,aime26,qwen3_5_4b,30,32,hbn,,10,0.28592995791015385,0.8361092090961695,0.00034823701314105486
aime26__model=qwen3_5_4b,aime26,qwen3_5_4b,30,64,hbn,,16,0.2228152798475245,0.7928704903745576,0.0002850409605493327
aime26__model=qwen3_5_9b,aime26,qwen3_5_9b,30,8,hbn,,4,0.4827531212313649,0.9364293636802277,0.00026978251930037233
aime26__model=qwen3_5_9b,aime26,qwen3_5_9b,30,16,hbn,,6,0.35264930588277205,0.890776604877941,0.0002762872594959157
aime26__model=qwen3_5_9b,aime26,qwen3_5_9b,30,32,hbn,,10,0.28592995791015385,0.8454204561402963,0.0002701863802472321
aime26__model=qwen3_5_9b,aime26,qwen3_5_9b,30,64,hbn,,16,0.2228152798475245,0.8063566577512276,0.00025395584571926
gpqa_diamond__domain_biology__model=qwen2_5_32b,gpqa_diamond__domain_biology,qwen2_5_32b,19,8,hbn,,4,0.485297484642079,0.8398093043504802,0.0008720198583395542
gpqa_diamond__domain_biology__model=qwen2_5_32b,gpqa_diamond__domain_biology,qwen2_5_32b,19,16,hbn,,6,0.35491981920455346,0.7460322787535394,0.0011619995141414763
gpqa_diamond__domain_biology__model=qwen2_5_32b,gpqa_diamond__domain_biology,qwen2_5_32b,19,32,hbn,,10,0.28805369188941676,0.6423732806569885,0.0010670579151992807
gpqa_diamond__domain_biology__model=qwen2_5_32b,gpqa_diamond__domain_biology,qwen2_5_32b,19,64,hbn,,17,0.23860459074325469,0.5542488784092248,0.0007988296198770799
gpqa_diamond__domain_biology__model=qwen2_5_7b,gpqa_diamond__domain_biology,qwen2_5_7b,19,8,hbn,,4,0.485297484642079,0.865137048392141,0.0008336455567604965
gpqa_diamond__domain_biology__model=qwen2_5_7b,gpqa_diamond__domain_biology,qwen2_5_7b,19,16,hbn,,6,0.35491981920455346,0.7846103404494762,0.0013291152099378898
gpqa_diamond__domain_biology__model=qwen2_5_7b,gpqa_diamond__domain_biology,qwen2_5_7b,19,32,hbn,,10,0.28805369188941676,0.6621463182417257,0.0015719972229589372
gpqa_diamond__domain_biology__model=qwen2_5_7b,gpqa_diamond__domain_biology,qwen2_5_7b,19,64,hbn,,17,0.23860459074325469,0.5327755332718748,0.0013414536808073379
gpqa_diamond__domain_biology__model=qwen3_5_27b,gpqa_diamond__domain_biology,qwen3_5_27b,19,8,hbn,,4,0.485297484642079,0.9271017422114822,0.0004691238810995559
gpqa_diamond__domain_biology__model=qwen3_5_27b,gpqa_diamond__domain_biology,qwen3_5_27b,19,16,hbn,,6,0.35491981920455346,0.8700438484153735,0.0007185301659317536
gpqa_diamond__domain_biology__model=qwen3_5_27b,gpqa_diamond__domain_biology,qwen3_5_27b,19,32,hbn,,10,0.28805369188941676,0.7996554997710467,0.0007557331661178528
gpqa_diamond__domain_biology__model=qwen3_5_27b,gpqa_diamond__domain_biology,qwen3_5_27b,19,64,hbn,,17,0.23860459074325469,0.7304242881133061,0.000666989278463226
gpqa_diamond__domain_biology__model=qwen3_5_4b,gpqa_diamond__domain_biology,qwen3_5_4b,19,8,hbn,,4,0.485297484642079,0.9359173331877904,0.00026137789828142453
gpqa_diamond__domain_biology__model=qwen3_5_4b,gpqa_diamond__domain_biology,qwen3_5_4b,19,16,hbn,,6,0.35491981920455346,0.8891167483724316,0.0003926223415918259
gpqa_diamond__domain_biology__model=qwen3_5_4b,gpqa_diamond__domain_biology,qwen3_5_4b,19,32,hbn,,10,0.28805369188941676,0.8378161990460551,0.000348498134539497
gpqa_diamond__domain_biology__model=qwen3_5_4b,gpqa_diamond__domain_biology,qwen3_5_4b,19,64,hbn,,17,0.23860459074325469,0.789552028702913,0.00031706961163394223
gpqa_diamond__domain_biology__model=qwen3_5_9b,gpqa_diamond__domain_biology,qwen3_5_9b,19,8,hbn,,4,0.485297484642079,0.930651013326993,0.00035766316241675597
gpqa_diamond__domain_biology__model=qwen3_5_9b,gpqa_diamond__domain_biology,qwen3_5_9b,19,16,hbn,,6,0.35491981920455346,0.8838542514524912,0.0004998123416137465
gpqa_diamond__domain_biology__model=qwen3_5_9b,gpqa_diamond__domain_biology,qwen3_5_9b,19,32,hbn,,10,0.28805369188941676,0.8381106986178275,0.00042930436463282283
gpqa_diamond__domain_biology__model=qwen3_5_9b,gpqa_diamond__domain_biology,qwen3_5_9b,19,64,hbn,,17,0.23860459074325469,0.7927760629613283,0.00041501040569081915
gpqa_diamond__domain_chemistry__model=qwen2_5_32b,gpqa_diamond__domain_chemistry,qwen2_5_32b,93,8,hbn,,4,0.4822084863696802,0.8525294831008616,0.00031863412368183765
gpqa_diamond__domain_chemistry__model=qwen2_5_32b,gpqa_diamond__domain_chemistry,qwen2_5_32b,93,16,hbn,,6,0.35202731631613504,0.7664504613082241,0.00042499686619183605
gpqa_diamond__domain_chemistry__model=qwen2_5_32b,gpqa_diamond__domain_chemistry,qwen2_5_32b,93,32,hbn,,10,0.2854827011975743,0.6845590984334312,0.0003754599226937204
gpqa_diamond__domain_chemistry__model=qwen2_5_32b,gpqa_diamond__domain_chemistry,qwen2_5_32b,93,64,hbn,,16,0.22242432037793883,0.6083552394053366,0.0003717642833564486
gpqa_diamond__domain_chemistry__model=qwen2_5_3b,gpqa_diamond__domain_chemistry,qwen2_5_3b,93,8,hbn,,4,0.4822084863696802,0.8404605555180723,0.0003328747881504095
gpqa_diamond__domain_chemistry__model=qwen2_5_3b,gpqa_diamond__domain_chemistry,qwen2_5_3b,93,16,hbn,,6,0.35202731631613504,0.7416551319753123,0.00048220577441704696
gpqa_diamond__domain_chemistry__model=qwen2_5_3b,gpqa_diamond__domain_chemistry,qwen2_5_3b,93,32,hbn,,10,0.2854827011975743,0.6450204054327848,0.00044953916071397977
gpqa_diamond__domain_chemistry__model=qwen2_5_3b,gpqa_diamond__domain_chemistry,qwen2_5_3b,93,64,hbn,,16,0.22242432037793883,0.5576586889454662,0.00038183026075194157
gpqa_diamond__domain_chemistry__model=qwen2_5_7b,gpqa_diamond__domain_chemistry,qwen2_5_7b,93,8,hbn,,4,0.4822084863696802,0.8170532181599932,0.0006916461520524326
gpqa_diamond__domain_chemistry__model=qwen2_5_7b,gpqa_diamond__domain_chemistry,qwen2_5_7b,93,16,hbn,,6,0.35202731631613504,0.7086942571485657,0.0007999738926543599
gpqa_diamond__domain_chemistry__model=qwen2_5_7b,gpqa_diamond__domain_chemistry,qwen2_5_7b,93,32,hbn,,10,0.2854827011975743,0.5917033152076031,0.0007119288866574441
gpqa_diamond__domain_chemistry__model=qwen2_5_7b,gpqa_diamond__domain_chemistry,qwen2_5_7b,93,64,hbn,,16,0.22242432037793883,0.48624939376293885,0.0006790395741665627
gpqa_diamond__domain_chemistry__model=qwen3_5_27b,gpqa_diamond__domain_chemistry,qwen3_5_27b,93,8,hbn,,4,0.4822084863696802,0.9524423016848556,0.00010792742980591383
gpqa_diamond__domain_chemistry__model=qwen3_5_27b,gpqa_diamond__domain_chemistry,qwen3_5_27b,93,16,hbn,,6,0.35202731631613504,0.9253864088880217,0.00020052242624998143
gpqa_diamond__domain_chemistry__model=qwen3_5_27b,gpqa_diamond__domain_chemistry,qwen3_5_27b,93,32,hbn,,10,0.2854827011975743,0.8904199949795893,0.00021072552179025116
gpqa_diamond__domain_chemistry__model=qwen3_5_27b,gpqa_diamond__domain_chemistry,qwen3_5_27b,93,64,hbn,,16,0.22242432037793883,0.8521439952129488,0.00018991493087208497
gpqa_diamond__domain_chemistry__model=qwen3_5_4b,gpqa_diamond__domain_chemistry,qwen3_5_4b,93,8,hbn,,4,0.4822084863696802,0.9575446717955292,0.00010396689685515968
gpqa_diamond__domain_chemistry__model=qwen3_5_4b,gpqa_diamond__domain_chemistry,qwen3_5_4b,93,16,hbn,,6,0.35202731631613504,0.9230791300043126,0.00015294133802581358
gpqa_diamond__domain_chemistry__model=qwen3_5_4b,gpqa_diamond__domain_chemistry,qwen3_5_4b,93,32,hbn,,10,0.2854827011975743,0.8821500907260988,0.0001417537688797687
gpqa_diamond__domain_chemistry__model=qwen3_5_4b,gpqa_diamond__domain_chemistry,qwen3_5_4b,93,64,hbn,,16,0.22242432037793883,0.8443723806716006,0.0001281650518179583
gpqa_diamond__domain_chemistry__model=qwen3_5_9b,gpqa_diamond__domain_chemistry,qwen3_5_9b,93,8,hbn,,4,0.4822084863696802,0.9484508892694166,9.619383701099019e-05
gpqa_diamond__domain_chemistry__model=qwen3_5_9b,gpqa_diamond__domain_chemistry,qwen3_5_9b,93,16,hbn,,6,0.35202731631613504,0.9106362173976026,0.0001644585088873217
gpqa_diamond__domain_chemistry__model=qwen3_5_9b,gpqa_diamond__domain_chemistry,qwen3_5_9b,93,32,hbn,,10,0.2854827011975743,0.8740137416329326,0.00015262679946282035
gpqa_diamond__domain_chemistry__model=qwen3_5_9b,gpqa_diamond__domain_chemistry,qwen3_5_9b,93,64,hbn,,16,0.22242432037793883,0.8396356721851745,0.00013930692413438957
gpqa_diamond__domain_physics__model=qwen2_5_32b,gpqa_diamond__domain_physics,qwen2_5_32b,86,8,hbn,,4,0.48110794101548293,0.9326194195396456,0.000162345030058166
gpqa_diamond__domain_physics__model=qwen2_5_32b,gpqa_diamond__domain_physics,qwen2_5_32b,86,16,hbn,,6,0.3509609945431629,0.8845878805911579,0.00018673017245800707
gpqa_diamond__domain_physics__model=qwen2_5_32b,gpqa_diamond__domain_physics,qwen2_5_32b,86,32,hbn,,10,0.2845265406717833,0.8268603239953871,0.00020358031829659882
gpqa_diamond__domain_physics__model=qwen2_5_32b,gpqa_diamond__domain_physics,qwen2_5_32b,86,64,hbn,,16,0.22153634866855376,0.7698617928978571,0.0001918447850243167
gpqa_diamond__domain_physics__model=qwen2_5_3b,gpqa_diamond__domain_physics,qwen2_5_3b,86,8,hbn,,4,0.48110794101548293,0.839663212839255,0.00030629768268645335
gpqa_diamond__domain_physics__model=qwen2_5_3b,gpqa_diamond__domain_physics,qwen2_5_3b,86,16,hbn,,6,0.3509609945431629,0.7478942448837402,0.0003975383628263285
gpqa_diamond__domain_physics__model=qwen2_5_3b,gpqa_diamond__domain_physics,qwen2_5_3b,86,32,hbn,,10,0.2845265406717833,0.6661472568450988,0.0003620088718876957
gpqa_diamond__domain_physics__model=qwen2_5_3b,gpqa_diamond__domain_physics,qwen2_5_3b,86,64,hbn,,16,0.22153634866855376,0.5890532044950665,0.0003654338901507702
gpqa_diamond__domain_physics__model=qwen2_5_7b,gpqa_diamond__domain_physics,qwen2_5_7b,86,8,hbn,,4,0.48110794101548293,0.8186905116778049,0.0004159158948122578
gpqa_diamond__domain_physics__model=qwen2_5_7b,gpqa_diamond__domain_physics,qwen2_5_7b,86,16,hbn,,6,0.3509609945431629,0.7058727909894296,0.0004471549567651308
gpqa_diamond__domain_physics__model=qwen2_5_7b,gpqa_diamond__domain_physics,qwen2_5_7b,86,32,hbn,,10,0.2845265406717833,0.5923625228537555,0.0003776889457799323
gpqa_diamond__domain_physics__model=qwen2_5_7b,gpqa_diamond__domain_physics,qwen2_5_7b,86,64,hbn,,16,0.22153634866855376,0.5004153521481913,0.00032234335966671053
gpqa_diamond__domain_physics__model=qwen3_5_27b,gpqa_diamond__domain_physics,qwen3_5_27b,86,8,hbn,,4,0.48110794101548293,0.8560453165929713,0.0006155842630310645
gpqa_diamond__domain_physics__model=qwen3_5_27b,gpqa_diamond__domain_physics,qwen3_5_27b,86,16,hbn,,6,0.3509609945431629,0.7735019849898839,0.0007202740144902265
gpqa_diamond__domain_physics__model=qwen3_5_27b,gpqa_diamond__domain_physics,qwen3_5_27b,86,32,hbn,,10,0.2845265406717833,0.690833477454587,0.0007214486272608268
gpqa_diamond__domain_physics__model=qwen3_5_27b,gpqa_diamond__domain_physics,qwen3_5_27b,86,64,hbn,,16,0.22153634866855376,0.6074710957664926,0.0006534915013659961
gpqa_diamond__domain_physics__model=qwen3_5_4b,gpqa_diamond__domain_physics,qwen3_5_4b,86,8,hbn,,4,0.48110794101548293,0.8425808102878837,0.00032165713499285754
gpqa_diamond__domain_physics__model=qwen3_5_4b,gpqa_diamond__domain_physics,qwen3_5_4b,86,16,hbn,,6,0.3509609945431629,0.7556987776783427,0.000435728458822336
gpqa_diamond__domain_physics__model=qwen3_5_4b,gpqa_diamond__domain_physics,qwen3_5_4b,86,32,hbn,,10,0.2845265406717833,0.6716036113261279,0.00037674287666087736
gpqa_diamond__domain_physics__model=qwen3_5_4b,gpqa_diamond__domain_physics,qwen3_5_4b,86,64,hbn,,16,0.22153634866855376,0.6020240796447262,0.00030629745957845046
gpqa_diamond__domain_physics__model=qwen3_5_9b,gpqa_diamond__domain_physics,qwen3_5_9b,86,8,hbn,,4,0.48110794101548293,0.8427475699622649,0.0004157460629707169
gpqa_diamond__domain_physics__model=qwen3_5_9b,gpqa_diamond__domain_physics,qwen3_5_9b,86,16,hbn,,6,0.3509609945431629,0.7582674502588158,0.0005249700415969457
gpqa_diamond__domain_physics__model=qwen3_5_9b,gpqa_diamond__domain_physics,qwen3_5_9b,86,32,hbn,,10,0.2845265406717833,0.6629335935314051,0.0005082951201666997
gpqa_diamond__domain_physics__model=qwen3_5_9b,gpqa_diamond__domain_physics,qwen3_5_9b,86,64,hbn,,16,0.22153634866855376,0.5786887203754914,0.0004265261356645415
hle__text_only_sample100__model=qwen2_5_32b,hle__text_only_sample100,qwen2_5_32b,100,8,hbn,,4,0.4812296048277006,0.9445037024787092,0.00044773733979873095
hle__text_only_sample100__model=qwen2_5_32b,hle__text_only_sample100,qwen2_5_32b,100,16,hbn,,6,0.3511697280337486,0.8751489064678836,0.0005458617237510387
hle__text_only_sample100__model=qwen2_5_32b,hle__text_only_sample100,qwen2_5_32b,100,32,hbn,,10,0.28473952736973573,0.8054628525032466,0.000583691882877008
hle__text_only_sample100__model=qwen2_5_32b,hle__text_only_sample100,qwen2_5_32b,100,64,hbn,,16,0.22177634090182216,0.7310443170805403,0.0005971924960971768
hle__text_only_sample100__model=qwen2_5_3b,hle__text_only_sample100,qwen2_5_3b,100,8,hbn,,4,0.4812296048277006,0.9076324991004763,0.0004088586480712744
hle__text_only_sample100__model=qwen2_5_3b,hle__text_only_sample100,qwen2_5_3b,100,16,hbn,,6,0.3511697280337486,0.8381097894284902,0.0004532801077810808
hle__text_only_sample100__model=qwen2_5_3b,hle__text_only_sample100,qwen2_5_3b,100,32,hbn,,10,0.28473952736973573,0.7672754424190911,0.00046963265679008157
hle__text_only_sample100__model=qwen2_5_3b,hle__text_only_sample100,qwen2_5_3b,100,64,hbn,,16,0.22177634090182216,0.6981387091922804,0.0004262486490394355
hle__text_only_sample100__model=qwen2_5_7b,hle__text_only_sample100,qwen2_5_7b,100,8,hbn,,4,0.4812296048277006,0.911871203479069,0.00045962325300977593
hle__text_only_sample100__model=qwen2_5_7b,hle__text_only_sample100,qwen2_5_7b,100,16,hbn,,6,0.3511697280337486,0.8307637642227144,0.0004723973110350639
hle__text_only_sample100__model=qwen2_5_7b,hle__text_only_sample100,qwen2_5_7b,100,32,hbn,,10,0.28473952736973573,0.7528260615881589,0.00047573465633731345
hle__text_only_sample100__model=qwen2_5_7b,hle__text_only_sample100,qwen2_5_7b,100,64,hbn,,16,0.22177634090182216,0.676524282035357,0.00043631484960582486
hle__text_only_sample100__model=qwen3_5_27b,hle__text_only_sample100,qwen3_5_27b,100,8,hbn,,4,0.4812296048277006,0.8989571246791632,0.00019367085691994086
hle__text_only_sample100__model=qwen3_5_27b,hle__text_only_sample100,qwen3_5_27b,100,16,hbn,,6,0.3511697280337486,0.8255391906301405,0.0002741801472386379
hle__text_only_sample100__model=qwen3_5_27b,hle__text_only_sample100,qwen3_5_27b,100,32,hbn,,10,0.28473952736973573,0.758024270194753,0.00026097781866987036
hle__text_only_sample100__model=qwen3_5_27b,hle__text_only_sample100,qwen3_5_27b,100,64,hbn,,16,0.22177634090182216,0.6984323996582928,0.00022057362918435618
hle__text_only_sample100__model=qwen3_5_4b,hle__text_only_sample100,qwen3_5_4b,100,8,hbn,,4,0.4812296048277006,0.8570388282596317,0.00023010103475145082
hle__text_only_sample100__model=qwen3_5_4b,hle__text_only_sample100,qwen3_5_4b,100,16,hbn,,6,0.3511697280337486,0.7839972384151603,0.00032300955806454284
hle__text_only_sample100__model=qwen3_5_4b,hle__text_only_sample100,qwen3_5_4b,100,32,hbn,,10,0.28473952736973573,0.7090246217632128,0.00031137801020469664
hle__text_only_sample100__model=qwen3_5_4b,hle__text_only_sample100,qwen3_5_4b,100,64,hbn,,16,0.22177634090182216,0.6438301785075632,0.00026905895219185685
hle__text_only_sample100__model=qwen3_5_9b,hle__text_only_sample100,qwen3_5_9b,100,8,hbn,,4,0.4812296048277006,0.8790483202952499,0.00017658763998661776
hle__text_only_sample100__model=qwen3_5_9b,hle__text_only_sample100,qwen3_5_9b,100,16,hbn,,6,0.3511697280337486,0.8062691613342117,0.0002899975640255526
hle__text_only_sample100__model=qwen3_5_9b,hle__text_only_sample100,qwen3_5_9b,100,32,hbn,,10,0.28473952736973573,0.7357921911337446,0.00025345822495750686
hle__text_only_sample100__model=qwen3_5_9b,hle__text_only_sample100,qwen3_5_9b,100,64,hbn,,16,0.22177634090182216,0.6703573073263281,0.00024072963680405677
hmmt__model=qwen2_5_32b,hmmt,qwen2_5_32b,30,8,hbn,,4,0.4827531212313649,0.8115719761484168,0.0006655114919777257
hmmt__model=qwen2_5_32b,hmmt,qwen2_5_32b,30,16,hbn,,6,0.35264930588277205,0.7269525827477312,0.0008993952466836082
hmmt__model=qwen2_5_32b,hmmt,qwen2_5_32b,30,32,hbn,,10,0.28592995791015385,0.6429294708587949,0.0010517895419997877
hmmt__model=qwen2_5_32b,hmmt,qwen2_5_32b,30,64,hbn,,16,0.2228152798475245,0.5582129379263767,0.0009550289738366417
hmmt__model=qwen2_5_3b,hmmt,qwen2_5_3b,30,8,hbn,,4,0.4827531212313649,0.9768506225430554,0.00046497499218416783
hmmt__model=qwen2_5_3b,hmmt,qwen2_5_3b,30,16,hbn,,6,0.35264930588277205,0.9610244162095669,0.0007737865758291406
hmmt__model=qwen2_5_3b,hmmt,qwen2_5_3b,30,32,hbn,,10,0.28592995791015385,0.9392377030366028,0.0010612389750418998
hmmt__model=qwen2_5_3b,hmmt,qwen2_5_3b,30,64,hbn,,16,0.2228152798475245,0.9004414763142514,0.0013287143410103596
hmmt__model=qwen2_5_7b,hmmt,qwen2_5_7b,30,8,hbn,,4,0.4827531212313649,0.8731730353245921,0.000678532374205869
hmmt__model=qwen2_5_7b,hmmt,qwen2_5_7b,30,16,hbn,,6,0.35264930588277205,0.7957632787824033,0.0007156983047138892
hmmt__model=qwen2_5_7b,hmmt,qwen2_5_7b,30,32,hbn,,10,0.28592995791015385,0.7430779018266613,0.0006228678206647043
hmmt__model=qwen2_5_7b,hmmt,qwen2_5_7b,30,64,hbn,,16,0.2228152798475245,0.6901625401750242,0.0007048970691860085
hmmt__model=qwen3_5_27b,hmmt,qwen3_5_27b,30,8,hbn,,4,0.4827531212313649,0.9751552515784196,0.0001988490217090882
hmmt__model=qwen3_5_27b,hmmt,qwen3_5_27b,30,16,hbn,,6,0.35264930588277205,0.951492466286303,0.00025798302259885436
hmmt__model=qwen3_5_27b,hmmt,qwen3_5_27b,30,32,hbn,,10,0.28592995791015385,0.9198413339624076,0.0002695465401833262
hmmt__model=qwen3_5_27b,hmmt,qwen3_5_27b,30,64,hbn,,16,0.2228152798475245,0.8841368776324308,0.0002376394801715165
hmmt__model=qwen3_5_4b,hmmt,qwen3_5_4b,30,8,hbn,,4,0.4827531212313649,0.9373629137236765,0.00013869814872499497
hmmt__model=qwen3_5_4b,hmmt,qwen3_5_4b,30,16,hbn,,6,0.35264930588277205,0.8831538360463249,0.00024150054026569125
hmmt__model=qwen3_5_4b,hmmt,qwen3_5_4b,30,32,hbn,,10,0.28592995791015385,0.8274337533385177,0.00022305482545396517
hmmt__model=qwen3_5_4b,hmmt,qwen3_5_4b,30,64,hbn,,16,0.2228152798475245,0.7784588747528257,0.00020336071817883292
hmmt__model=qwen3_5_9b,hmmt,qwen3_5_9b,30,8,hbn,,4,0.4827531212313649,0.945756489262225,0.00012588010005608292
hmmt__model=qwen3_5_9b,hmmt,qwen3_5_9b,30,16,hbn,,6,0.35264930588277205,0.8971267607162954,0.00019853191867239903
hmmt__model=qwen3_5_9b,hmmt,qwen3_5_9b,30,32,hbn,,10,0.28592995791015385,0.8457229920079024,0.00020037970909031973
hmmt__model=qwen3_5_9b,hmmt,qwen3_5_9b,30,64,hbn,,16,0.2228152798475245,0.8003700044551938,0.0001633161434188613
livecodebench_gt_2024_03_30__difficulty_easy__model=qwen2_5_32b,livecodebench_gt_2024_03_30__difficulty_easy,qwen2_5_32b,100,8,hbn,,4,0.4812296048277006,0.9744515452295321,9.520065553885526e-05
livecodebench_gt_2024_03_30__difficulty_easy__model=qwen2_5_32b,livecodebench_gt_2024_03_30__difficulty_easy,qwen2_5_32b,100,16,hbn,,6,0.3511697280337486,0.9705128316255969,0.00016763023806375054
livecodebench_gt_2024_03_30__difficulty_easy__model=qwen2_5_32b,livecodebench_gt_2024_03_30__difficulty_easy,qwen2_5_32b,100,32,hbn,,10,0.28473952736973573,0.940610322847408,0.0001816282150262876
livecodebench_gt_2024_03_30__difficulty_easy__model=qwen2_5_32b,livecodebench_gt_2024_03_30__difficulty_easy,qwen2_5_32b,100,64,hbn,,16,0.22177634090182216,0.911380398275882,0.00018313975801846505
livecodebench_gt_2024_03_30__difficulty_easy__model=qwen2_5_3b,livecodebench_gt_2024_03_30__difficulty_easy,qwen2_5_3b,100,8,hbn,,4,0.4812296048277006,0.9630198227417487,7.744443446124705e-05
livecodebench_gt_2024_03_30__difficulty_easy__model=qwen2_5_3b,livecodebench_gt_2024_03_30__difficulty_easy,qwen2_5_3b,100,16,hbn,,6,0.3511697280337486,0.937604394516001,8.96444486106319e-05
livecodebench_gt_2024_03_30__difficulty_easy__model=qwen2_5_3b,livecodebench_gt_2024_03_30__difficulty_easy,qwen2_5_3b,100,32,hbn,,10,0.28473952736973573,0.9063022109696737,9.651132382177435e-05
livecodebench_gt_2024_03_30__difficulty_easy__model=qwen2_5_3b,livecodebench_gt_2024_03_30__difficulty_easy,qwen2_5_3b,100,64,hbn,,16,0.22177634090182216,0.874050265773539,9.19327995671525e-05
livecodebench_gt_2024_03_30__difficulty_easy__model=qwen2_5_7b,livecodebench_gt_2024_03_30__difficulty_easy,qwen2_5_7b,100,8,hbn,,4,0.4812296048277006,0.9442160943800895,0.00012655920599690946
livecodebench_gt_2024_03_30__difficulty_easy__model=qwen2_5_7b,livecodebench_gt_2024_03_30__difficulty_easy,qwen2_5_7b,100,16,hbn,,6,0.3511697280337486,0.9032549156235337,0.00013136919721925858
livecodebench_gt_2024_03_30__difficulty_easy__model=qwen2_5_7b,livecodebench_gt_2024_03_30__difficulty_easy,qwen2_5_7b,100,32,hbn,,10,0.28473952736973573,0.8572459702036698,0.00015006200081888705
livecodebench_gt_2024_03_30__difficulty_easy__model=qwen2_5_7b,livecodebench_gt_2024_03_30__difficulty_easy,qwen2_5_7b,100,64,hbn,,16,0.22177634090182216,0.8123228811401231,0.000143373212806054
livecodebench_gt_2024_03_30__difficulty_easy__model=qwen3_5_27b,livecodebench_gt_2024_03_30__difficulty_easy,qwen3_5_27b,100,8,hbn,,4,0.4812296048277006,0.9507153041399545,6.74421231487566e-05
livecodebench_gt_2024_03_30__difficulty_easy__model=qwen3_5_27b,livecodebench_gt_2024_03_30__difficulty_easy,qwen3_5_27b,100,16,hbn,,6,0.3511697280337486,0.9151776492040862,0.00010947950907024279
livecodebench_gt_2024_03_30__difficulty_easy__model=qwen3_5_27b,livecodebench_gt_2024_03_30__difficulty_easy,qwen3_5_27b,100,32,hbn,,10,0.28473952736973573,0.8780783733836611,0.00010249364990066696
livecodebench_gt_2024_03_30__difficulty_easy__model=qwen3_5_27b,livecodebench_gt_2024_03_30__difficulty_easy,qwen3_5_27b,100,64,hbn,,16,0.22177634090182216,0.8418373654216873,9.965932428600207e-05
livecodebench_gt_2024_03_30__difficulty_easy__model=qwen3_5_4b,livecodebench_gt_2024_03_30__difficulty_easy,qwen3_5_4b,100,8,hbn,,4,0.4812296048277006,0.9780837498101754,6.404390744661714e-05
livecodebench_gt_2024_03_30__difficulty_easy__model=qwen3_5_4b,livecodebench_gt_2024_03_30__difficulty_easy,qwen3_5_4b,100,16,hbn,,6,0.3511697280337486,0.9611416971427549,7.620050965532202e-05
livecodebench_gt_2024_03_30__difficulty_easy__model=qwen3_5_4b,livecodebench_gt_2024_03_30__difficulty_easy,qwen3_5_4b,100,32,hbn,,10,0.28473952736973573,0.942560046831886,8.002254785755232e-05
livecodebench_gt_2024_03_30__difficulty_easy__model=qwen3_5_4b,livecodebench_gt_2024_03_30__difficulty_easy,qwen3_5_4b,100,64,hbn,,16,0.22177634090182216,0.9252495013249663,7.379376983256833e-05
livecodebench_gt_2024_03_30__difficulty_easy__model=qwen3_5_9b,livecodebench_gt_2024_03_30__difficulty_easy,qwen3_5_9b,100,8,hbn,,4,0.4812296048277006,0.9832224756545238,6.288526359009478e-05
livecodebench_gt_2024_03_30__difficulty_easy__model=qwen3_5_9b,livecodebench_gt_2024_03_30__difficulty_easy,qwen3_5_9b,100,16,hbn,,6,0.3511697280337486,0.9660945284047084,7.042919312861275e-05
livecodebench_gt_2024_03_30__difficulty_easy__model=qwen3_5_9b,livecodebench_gt_2024_03_30__difficulty_easy,qwen3_5_9b,100,32,hbn,,10,0.28473952736973573,0.9484050032639398,6.82614733133179e-05
livecodebench_gt_2024_03_30__difficulty_easy__model=qwen3_5_9b,livecodebench_gt_2024_03_30__difficulty_easy,qwen3_5_9b,100,64,hbn,,16,0.22177634090182216,0.9310863218149967,6.447823622996712e-05
livecodebench_gt_2024_03_30__difficulty_hard__model=qwen2_5_32b,livecodebench_gt_2024_03_30__difficulty_hard,qwen2_5_32b,100,8,hbn,,4,0.4812296048277006,0.7711290915075392,0.0007713255819751688
livecodebench_gt_2024_03_30__difficulty_hard__model=qwen2_5_32b,livecodebench_gt_2024_03_30__difficulty_hard,qwen2_5_32b,100,16,hbn,,6,0.3511697280337486,0.6589207875605043,0.0007877220216318391
livecodebench_gt_2024_03_30__difficulty_hard__model=qwen2_5_32b,livecodebench_gt_2024_03_30__difficulty_hard,qwen2_5_32b,100,32,hbn,,10,0.28473952736973573,0.5632051021309273,0.0006669574290401611
livecodebench_gt_2024_03_30__difficulty_hard__model=qwen2_5_32b,livecodebench_gt_2024_03_30__difficulty_hard,qwen2_5_32b,100,64,hbn,,16,0.22177634090182216,0.48100238297703746,0.0005571016922070699
livecodebench_gt_2024_03_30__difficulty_hard__model=qwen2_5_3b,livecodebench_gt_2024_03_30__difficulty_hard,qwen2_5_3b,100,8,hbn,,4,0.4812296048277006,0.7133294725255664,0.0007437371643952004
livecodebench_gt_2024_03_30__difficulty_hard__model=qwen2_5_3b,livecodebench_gt_2024_03_30__difficulty_hard,qwen2_5_3b,100,16,hbn,,6,0.3511697280337486,0.5945822506341041,0.0009554568738922993
livecodebench_gt_2024_03_30__difficulty_hard__model=qwen2_5_3b,livecodebench_gt_2024_03_30__difficulty_hard,qwen2_5_3b,100,32,hbn,,10,0.28473952736973573,0.49353540002345747,0.0008482617116195416
livecodebench_gt_2024_03_30__difficulty_hard__model=qwen2_5_3b,livecodebench_gt_2024_03_30__difficulty_hard,qwen2_5_3b,100,64,hbn,,16,0.22177634090182216,0.40293258744617955,0.0007953083993141153
livecodebench_gt_2024_03_30__difficulty_hard__model=qwen2_5_7b,livecodebench_gt_2024_03_30__difficulty_hard,qwen2_5_7b,100,8,hbn,,4,0.4812296048277006,0.7301213157927189,0.000958145449336552
livecodebench_gt_2024_03_30__difficulty_hard__model=qwen2_5_7b,livecodebench_gt_2024_03_30__difficulty_hard,qwen2_5_7b,100,16,hbn,,6,0.3511697280337486,0.5888132220450437,0.0010485243144649863
livecodebench_gt_2024_03_30__difficulty_hard__model=qwen2_5_7b,livecodebench_gt_2024_03_30__difficulty_hard,qwen2_5_7b,100,32,hbn,,10,0.28473952736973573,0.46339342317303855,0.0009018290569980938
livecodebench_gt_2024_03_30__difficulty_hard__model=qwen2_5_7b,livecodebench_gt_2024_03_30__difficulty_hard,qwen2_5_7b,100,64,hbn,,16,0.22177634090182216,0.361233006590805,0.0006610244398866642
livecodebench_gt_2024_03_30__difficulty_hard__model=qwen3_5_27b,livecodebench_gt_2024_03_30__difficulty_hard,qwen3_5_27b,100,8,hbn,,4,0.4812296048277006,0.9162316534856654,0.00017096926666384764
livecodebench_gt_2024_03_30__difficulty_hard__model=qwen3_5_27b,livecodebench_gt_2024_03_30__difficulty_hard,qwen3_5_27b,100,16,hbn,,6,0.3511697280337486,0.8749279260224374,0.00023106723420700096
livecodebench_gt_2024_03_30__difficulty_hard__model=qwen3_5_27b,livecodebench_gt_2024_03_30__difficulty_hard,qwen3_5_27b,100,32,hbn,,10,0.28473952736973573,0.8315729492615482,0.0002408534906234791
livecodebench_gt_2024_03_30__difficulty_hard__model=qwen3_5_27b,livecodebench_gt_2024_03_30__difficulty_hard,qwen3_5_27b,100,64,hbn,,16,0.22177634090182216,0.7854980339564918,0.00023268968535215654
livecodebench_gt_2024_03_30__difficulty_hard__model=qwen3_5_4b,livecodebench_gt_2024_03_30__difficulty_hard,qwen3_5_4b,100,8,hbn,,4,0.4812296048277006,0.8986309045340634,0.0002635364579462882
livecodebench_gt_2024_03_30__difficulty_hard__model=qwen3_5_4b,livecodebench_gt_2024_03_30__difficulty_hard,qwen3_5_4b,100,16,hbn,,6,0.3511697280337486,0.840936742036843,0.0002875653487718139
livecodebench_gt_2024_03_30__difficulty_hard__model=qwen3_5_4b,livecodebench_gt_2024_03_30__difficulty_hard,qwen3_5_4b,100,32,hbn,,10,0.28473952736973573,0.7839444808095806,0.00027142777512751824
livecodebench_gt_2024_03_30__difficulty_hard__model=qwen3_5_4b,livecodebench_gt_2024_03_30__difficulty_hard,qwen3_5_4b,100,64,hbn,,16,0.22177634090182216,0.7313446181094383,0.0002446239704244526
livecodebench_gt_2024_03_30__difficulty_hard__model=qwen3_5_9b,livecodebench_gt_2024_03_30__difficulty_hard,qwen3_5_9b,100,8,hbn,,4,0.4812296048277006,0.910534745823281,0.00018614983321975316
livecodebench_gt_2024_03_30__difficulty_hard__model=qwen3_5_9b,livecodebench_gt_2024_03_30__difficulty_hard,qwen3_5_9b,100,16,hbn,,6,0.3511697280337486,0.8664962881995741,0.00024389123311979564
livecodebench_gt_2024_03_30__difficulty_hard__model=qwen3_5_9b,livecodebench_gt_2024_03_30__difficulty_hard,qwen3_5_9b,100,32,hbn,,10,0.28473952736973573,0.8214065470680871,0.0002779532647619893
livecodebench_gt_2024_03_30__difficulty_hard__model=qwen3_5_9b,livecodebench_gt_2024_03_30__difficulty_hard,qwen3_5_9b,100,64,hbn,,16,0.22177634090182216,0.7698180540408917,0.000290099399365848
livecodebench_gt_2024_03_30__difficulty_medium__model=qwen2_5_32b,livecodebench_gt_2024_03_30__difficulty_medium,qwen2_5_32b,100,8,hbn,,4,0.4812296048277006,0.9296340873850977,0.00017043495585441134
livecodebench_gt_2024_03_30__difficulty_medium__model=qwen2_5_32b,livecodebench_gt_2024_03_30__difficulty_medium,qwen2_5_32b,100,16,hbn,,6,0.3511697280337486,0.8833734906607125,0.00024075336352521198
livecodebench_gt_2024_03_30__difficulty_medium__model=qwen2_5_32b,livecodebench_gt_2024_03_30__difficulty_medium,qwen2_5_32b,100,32,hbn,,10,0.28473952736973573,0.8310726883394531,0.0002599606989361438
livecodebench_gt_2024_03_30__difficulty_medium__model=qwen2_5_32b,livecodebench_gt_2024_03_30__difficulty_medium,qwen2_5_32b,100,64,hbn,,16,0.22177634090182216,0.7746298929142417,0.00023906232691360123
livecodebench_gt_2024_03_30__difficulty_medium__model=qwen2_5_3b,livecodebench_gt_2024_03_30__difficulty_medium,qwen2_5_3b,100,8,hbn,,4,0.4812296048277006,0.8736317755607258,0.00046460488883455405
livecodebench_gt_2024_03_30__difficulty_medium__model=qwen2_5_3b,livecodebench_gt_2024_03_30__difficulty_medium,qwen2_5_3b,100,16,hbn,,6,0.3511697280337486,0.7873018807879696,0.0005081957539507825
livecodebench_gt_2024_03_30__difficulty_medium__model=qwen2_5_3b,livecodebench_gt_2024_03_30__difficulty_medium,qwen2_5_3b,100,32,hbn,,10,0.28473952736973573,0.7066629271613589,0.0004911601404077809
livecodebench_gt_2024_03_30__difficulty_medium__model=qwen2_5_3b,livecodebench_gt_2024_03_30__difficulty_medium,qwen2_5_3b,100,64,hbn,,16,0.22177634090182216,0.6311840218065896,0.0004317233173784018
livecodebench_gt_2024_03_30__difficulty_medium__model=qwen2_5_7b,livecodebench_gt_2024_03_30__difficulty_medium,qwen2_5_7b,100,8,hbn,,4,0.4812296048277006,0.8522573266447108,0.0002722153314648325
livecodebench_gt_2024_03_30__difficulty_medium__model=qwen2_5_7b,livecodebench_gt_2024_03_30__difficulty_medium,qwen2_5_7b,100,16,hbn,,6,0.3511697280337486,0.7731698336473931,0.0003622174096256906
livecodebench_gt_2024_03_30__difficulty_medium__model=qwen2_5_7b,livecodebench_gt_2024_03_30__difficulty_medium,qwen2_5_7b,100,32,hbn,,10,0.28473952736973573,0.6880347078537254,0.00037992852646544234
livecodebench_gt_2024_03_30__difficulty_medium__model=qwen2_5_7b,livecodebench_gt_2024_03_30__difficulty_medium,qwen2_5_7b,100,64,hbn,,16,0.22177634090182216,0.6100915909703897,0.00033166347019202214
livecodebench_gt_2024_03_30__difficulty_medium__model=qwen3_5_27b,livecodebench_gt_2024_03_30__difficulty_medium,qwen3_5_27b,100,8,hbn,,4,0.4812296048277006,0.9683540997528275,7.438485458889041e-05
livecodebench_gt_2024_03_30__difficulty_medium__model=qwen3_5_27b,livecodebench_gt_2024_03_30__difficulty_medium,qwen3_5_27b,100,16,hbn,,6,0.3511697280337486,0.9393018539769473,0.00011592798622971263
livecodebench_gt_2024_03_30__difficulty_medium__model=qwen3_5_27b,livecodebench_gt_2024_03_30__difficulty_medium,qwen3_5_27b,100,32,hbn,,10,0.28473952736973573,0.9046035068018419,0.0001105449188951942
livecodebench_gt_2024_03_30__difficulty_medium__model=qwen3_5_27b,livecodebench_gt_2024_03_30__difficulty_medium,qwen3_5_27b,100,64,hbn,,16,0.22177634090182216,0.870539337583617,0.00010750260200361254
livecodebench_gt_2024_03_30__difficulty_medium__model=qwen3_5_4b,livecodebench_gt_2024_03_30__difficulty_medium,qwen3_5_4b,100,8,hbn,,4,0.4812296048277006,0.9690449591654647,6.993003000130692e-05
livecodebench_gt_2024_03_30__difficulty_medium__model=qwen3_5_4b,livecodebench_gt_2024_03_30__difficulty_medium,qwen3_5_4b,100,16,hbn,,6,0.3511697280337486,0.949518517637375,0.0001224542541554915
livecodebench_gt_2024_03_30__difficulty_medium__model=qwen3_5_4b,livecodebench_gt_2024_03_30__difficulty_medium,qwen3_5_4b,100,32,hbn,,10,0.28473952736973573,0.9199477596061864,0.00011784358459525613
livecodebench_gt_2024_03_30__difficulty_medium__model=qwen3_5_4b,livecodebench_gt_2024_03_30__difficulty_medium,qwen3_5_4b,100,64,hbn,,16,0.22177634090182216,0.8935098697188548,0.0001111863501987938
livecodebench_gt_2024_03_30__difficulty_medium__model=qwen3_5_9b,livecodebench_gt_2024_03_30__difficulty_medium,qwen3_5_9b,100,8,hbn,,4,0.4812296048277006,0.9788897781675268,5.0341254918450584e-05
livecodebench_gt_2024_03_30__difficulty_medium__model=qwen3_5_9b,livecodebench_gt_2024_03_30__difficulty_medium,qwen3_5_9b,100,16,hbn,,6,0.3511697280337486,0.9574990429876657,7.41237410187086e-05
livecodebench_gt_2024_03_30__difficulty_medium__model=qwen3_5_9b,livecodebench_gt_2024_03_30__difficulty_medium,qwen3_5_9b,100,32,hbn,,10,0.28473952736973573,0.9306888049450712,7.994164241678181e-05
livecodebench_gt_2024_03_30__difficulty_medium__model=qwen3_5_9b,livecodebench_gt_2024_03_30__difficulty_medium,qwen3_5_9b,100,64,hbn,,16,0.22177634090182216,0.9049992625389169,7.170806027554542e-05
math_100__model=qwen2_5_32b,math_100,qwen2_5_32b,100,8,hbn,,4,0.4812296048277006,0.8955285353767188,0.00022223544118504866
math_100__model=qwen2_5_32b,math_100,qwen2_5_32b,100,16,hbn,,6,0.3511697280337486,0.8276958079526733,0.0003260958482451745
math_100__model=qwen2_5_32b,math_100,qwen2_5_32b,100,32,hbn,,10,0.28473952736973573,0.7580602059009267,0.0003609846283277264
math_100__model=qwen2_5_32b,math_100,qwen2_5_32b,100,64,hbn,,16,0.22177634090182216,0.6872895574731378,0.00032875628011477684
math_100__model=qwen2_5_3b,math_100,qwen2_5_3b,100,8,hbn,,4,0.4812296048277006,0.9432767496078726,0.0001247497243312859
math_100__model=qwen2_5_3b,math_100,qwen2_5_3b,100,16,hbn,,6,0.3511697280337486,0.8995191760000563,0.00016107348391262118
math_100__model=qwen2_5_3b,math_100,qwen2_5_3b,100,32,hbn,,10,0.28473952736973573,0.8590871439273275,0.00016191727443217366
math_100__model=qwen2_5_3b,math_100,qwen2_5_3b,100,64,hbn,,16,0.22177634090182216,0.8203821397022698,0.0001449102143436803
math_100__model=qwen2_5_7b,math_100,qwen2_5_7b,100,8,hbn,,4,0.4812296048277006,0.8907612310681035,0.00013768682471321638
math_100__model=qwen2_5_7b,math_100,qwen2_5_7b,100,16,hbn,,6,0.3511697280337486,0.8138875012758087,0.00019530282340460015
math_100__model=qwen2_5_7b,math_100,qwen2_5_7b,100,32,hbn,,10,0.28473952736973573,0.753074466583692,0.00019792721758594387
math_100__model=qwen2_5_7b,math_100,qwen2_5_7b,100,64,hbn,,16,0.22177634090182216,0.6983968313500959,0.0001970832596245743
math_100__model=qwen3_5_27b,math_100,qwen3_5_27b,100,8,hbn,,4,0.4812296048277006,0.9717020834291008,0.00016292610052859254
math_100__model=qwen3_5_27b,math_100,qwen3_5_27b,100,16,hbn,,6,0.3511697280337486,0.9456460237733519,0.00019605301528853136
math_100__model=qwen3_5_27b,math_100,qwen3_5_27b,100,32,hbn,,10,0.28473952736973573,0.9133182194865617,0.0002187759716127368
math_100__model=qwen3_5_27b,math_100,qwen3_5_27b,100,64,hbn,,16,0.22177634090182216,0.8737318864245086,0.00021334023265684392
math_100__model=qwen3_5_4b,math_100,qwen3_5_4b,100,8,hbn,,4,0.4812296048277006,0.9949361530646977,0.0001804326815444811
math_100__model=qwen3_5_4b,math_100,qwen3_5_4b,100,16,hbn,,6,0.3511697280337486,1.0243902398968552,0.0003489311601016773
math_100__model=qwen3_5_4b,math_100,qwen3_5_4b,100,32,hbn,,10,0.28473952736973573,1.004055487763741,0.0003542231067669802
math_100__model=qwen3_5_4b,math_100,qwen3_5_4b,100,64,hbn,,16,0.22177634090182216,0.9771919608366193,0.00032624433064579243
math_100__model=qwen3_5_9b,math_100,qwen3_5_9b,100,8,hbn,,4,0.4812296048277006,0.9835742376255001,0.00018224117389205053
math_100__model=qwen3_5_9b,math_100,qwen3_5_9b,100,16,hbn,,6,0.3511697280337486,0.995477097677969,0.00035347660047195675
math_100__model=qwen3_5_9b,math_100,qwen3_5_9b,100,32,hbn,,10,0.28473952736973573,0.9645697557016497,0.0003526544867990182
math_100__model=qwen3_5_9b,math_100,qwen3_5_9b,100,64,hbn,,16,0.22177634090182216,0.9243312636347281,0.00033260116562774136
mmlu_science__subject_college_biology__model=qwen2_5_32b,mmlu_science__subject_college_biology,qwen2_5_32b,100,8,hbn,,4,0.4812296048277006,0.6275621981386346,0.0005295119320873391
mmlu_science__subject_college_biology__model=qwen2_5_32b,mmlu_science__subject_college_biology,qwen2_5_32b,100,16,hbn,,6,0.3511697280337486,0.510464380905842,0.0005605714420366844
mmlu_science__subject_college_biology__model=qwen2_5_32b,mmlu_science__subject_college_biology,qwen2_5_32b,100,32,hbn,,10,0.28473952736973573,0.4304682869976031,0.0005571817028649941
mmlu_science__subject_college_biology__model=qwen2_5_32b,mmlu_science__subject_college_biology,qwen2_5_32b,100,64,hbn,,16,0.22177634090182216,0.3578227221360544,0.0006150188566829213
mmlu_science__subject_college_biology__model=qwen2_5_3b,mmlu_science__subject_college_biology,qwen2_5_3b,100,8,hbn,,4,0.4812296048277006,0.7026031777659318,0.0011292222356448012
mmlu_science__subject_college_biology__model=qwen2_5_3b,mmlu_science__subject_college_biology,qwen2_5_3b,100,16,hbn,,6,0.3511697280337486,0.5788843137141974,0.0009270720707895064
mmlu_science__subject_college_biology__model=qwen2_5_3b,mmlu_science__subject_college_biology,qwen2_5_3b,100,32,hbn,,10,0.28473952736973573,0.48355738156980355,0.0007411055463121415
mmlu_science__subject_college_biology__model=qwen2_5_3b,mmlu_science__subject_college_biology,qwen2_5_3b,100,64,hbn,,16,0.22177634090182216,0.39525185194167356,0.0008811836954163421
mmlu_science__subject_college_biology__model=qwen2_5_7b,mmlu_science__subject_college_biology,qwen2_5_7b,100,8,hbn,,4,0.4812296048277006,0.6566325357321529,0.0005949015618526908
mmlu_science__subject_college_biology__model=qwen2_5_7b,mmlu_science__subject_college_biology,qwen2_5_7b,100,16,hbn,,6,0.3511697280337486,0.5322373793280349,0.0007649054232302092
mmlu_science__subject_college_biology__model=qwen2_5_7b,mmlu_science__subject_college_biology,qwen2_5_7b,100,32,hbn,,10,0.28473952736973573,0.42745748570345077,0.0006871172113062735
mmlu_science__subject_college_biology__model=qwen2_5_7b,mmlu_science__subject_college_biology,qwen2_5_7b,100,64,hbn,,16,0.22177634090182216,0.3336858269081835,0.0005588515864351782
mmlu_science__subject_college_biology__model=qwen3_5_27b,mmlu_science__subject_college_biology,qwen3_5_27b,100,8,hbn,,4,0.4812296048277006,0.6721613042804528,0.001189154214769376
mmlu_science__subject_college_biology__model=qwen3_5_27b,mmlu_science__subject_college_biology,qwen3_5_27b,100,16,hbn,,6,0.3511697280337486,0.5286789903982467,0.001118289298753428
mmlu_science__subject_college_biology__model=qwen3_5_27b,mmlu_science__subject_college_biology,qwen3_5_27b,100,32,hbn,,10,0.28473952736973573,0.4292514058010265,0.0011112430177752431
mmlu_science__subject_college_biology__model=qwen3_5_27b,mmlu_science__subject_college_biology,qwen3_5_27b,100,64,hbn,,16,0.22177634090182216,0.3364328704128332,0.0011052588833142625
mmlu_science__subject_college_biology__model=qwen3_5_4b,mmlu_science__subject_college_biology,qwen3_5_4b,100,8,hbn,,4,0.4812296048277006,0.732025739375513,0.0007536459419532662
mmlu_science__subject_college_biology__model=qwen3_5_4b,mmlu_science__subject_college_biology,qwen3_5_4b,100,16,hbn,,6,0.3511697280337486,0.60055789545705,0.0008304663804755717
mmlu_science__subject_college_biology__model=qwen3_5_4b,mmlu_science__subject_college_biology,qwen3_5_4b,100,32,hbn,,10,0.28473952736973573,0.4856262475537706,0.0006846747746305027
mmlu_science__subject_college_biology__model=qwen3_5_4b,mmlu_science__subject_college_biology,qwen3_5_4b,100,64,hbn,,16,0.22177634090182216,0.3918401625886696,0.00046538482770149946
mmlu_science__subject_college_biology__model=qwen3_5_9b,mmlu_science__subject_college_biology,qwen3_5_9b,100,8,hbn,,4,0.4812296048277006,0.7863963371171929,0.0009139350745043736
mmlu_science__subject_college_biology__model=qwen3_5_9b,mmlu_science__subject_college_biology,qwen3_5_9b,100,16,hbn,,6,0.3511697280337486,0.7014492681018052,0.0010843488598208336
mmlu_science__subject_college_biology__model=qwen3_5_9b,mmlu_science__subject_college_biology,qwen3_5_9b,100,32,hbn,,10,0.28473952736973573,0.6006866730662114,0.0010865282324438183
mmlu_science__subject_college_biology__model=qwen3_5_9b,mmlu_science__subject_college_biology,qwen3_5_9b,100,64,hbn,,16,0.22177634090182216,0.4981137431431599,0.0012013033830424239
mmlu_science__subject_college_chemistry__model=qwen2_5_32b,mmlu_science__subject_college_chemistry,qwen2_5_32b,100,8,hbn,,4,0.4812296048277006,0.8465364109938428,0.0003635950573325487
mmlu_science__subject_college_chemistry__model=qwen2_5_32b,mmlu_science__subject_college_chemistry,qwen2_5_32b,100,16,hbn,,6,0.3511697280337486,0.750045821250334,0.0005109636766776549
mmlu_science__subject_college_chemistry__model=qwen2_5_32b,mmlu_science__subject_college_chemistry,qwen2_5_32b,100,32,hbn,,10,0.28473952736973573,0.6524322830293049,0.000495518897608521
mmlu_science__subject_college_chemistry__model=qwen2_5_32b,mmlu_science__subject_college_chemistry,qwen2_5_32b,100,64,hbn,,16,0.22177634090182216,0.5608590627397352,0.0004440354063476923
mmlu_science__subject_college_chemistry__model=qwen2_5_3b,mmlu_science__subject_college_chemistry,qwen2_5_3b,100,8,hbn,,4,0.4812296048277006,0.7797904959332925,0.0005420013005585347
mmlu_science__subject_college_chemistry__model=qwen2_5_3b,mmlu_science__subject_college_chemistry,qwen2_5_3b,100,16,hbn,,6,0.3511697280337486,0.6454915168887211,0.0006198925907607328
mmlu_science__subject_college_chemistry__model=qwen2_5_3b,mmlu_science__subject_college_chemistry,qwen2_5_3b,100,32,hbn,,10,0.28473952736973573,0.5159221927131379,0.0005616441484441222
mmlu_science__subject_college_chemistry__model=qwen2_5_3b,mmlu_science__subject_college_chemistry,qwen2_5_3b,100,64,hbn,,16,0.22177634090182216,0.40822936638748586,0.00042319487364799553
mmlu_science__subject_college_chemistry__model=qwen2_5_7b,mmlu_science__subject_college_chemistry,qwen2_5_7b,100,8,hbn,,4,0.4812296048277006,0.7916628098105921,0.000551927708716705
mmlu_science__subject_college_chemistry__model=qwen2_5_7b,mmlu_science__subject_college_chemistry,qwen2_5_7b,100,16,hbn,,6,0.3511697280337486,0.6615298418254836,0.0006139923114160707
mmlu_science__subject_college_chemistry__model=qwen2_5_7b,mmlu_science__subject_college_chemistry,qwen2_5_7b,100,32,hbn,,10,0.28473952736973573,0.5325652891092707,0.0005669594685418191
mmlu_science__subject_college_chemistry__model=qwen2_5_7b,mmlu_science__subject_college_chemistry,qwen2_5_7b,100,64,hbn,,16,0.22177634090182216,0.4209754559712817,0.0004491212070702031
mmlu_science__subject_college_chemistry__model=qwen3_5_27b,mmlu_science__subject_college_chemistry,qwen3_5_27b,100,8,hbn,,4,0.4812296048277006,0.7350415230567119,0.0007628411477897885
mmlu_science__subject_college_chemistry__model=qwen3_5_27b,mmlu_science__subject_college_chemistry,qwen3_5_27b,100,16,hbn,,6,0.3511697280337486,0.601675795890255,0.0008462768941952174
mmlu_science__subject_college_chemistry__model=qwen3_5_27b,mmlu_science__subject_college_chemistry,qwen3_5_27b,100,32,hbn,,10,0.28473952736973573,0.49800524311838734,0.0006659586895296009
mmlu_science__subject_college_chemistry__model=qwen3_5_27b,mmlu_science__subject_college_chemistry,qwen3_5_27b,100,64,hbn,,16,0.22177634090182216,0.4118128823213465,0.00055696782937189
mmlu_science__subject_college_chemistry__model=qwen3_5_4b,mmlu_science__subject_college_chemistry,qwen3_5_4b,100,8,hbn,,4,0.4812296048277006,0.774592187903532,0.0005412021618318592
mmlu_science__subject_college_chemistry__model=qwen3_5_4b,mmlu_science__subject_college_chemistry,qwen3_5_4b,100,16,hbn,,6,0.3511697280337486,0.6527433548905524,0.0006737375105859997
mmlu_science__subject_college_chemistry__model=qwen3_5_4b,mmlu_science__subject_college_chemistry,qwen3_5_4b,100,32,hbn,,10,0.28473952736973573,0.5559373773582672,0.0005521638714467944
mmlu_science__subject_college_chemistry__model=qwen3_5_4b,mmlu_science__subject_college_chemistry,qwen3_5_4b,100,64,hbn,,16,0.22177634090182216,0.4783590696519997,0.0004505023653889417
mmlu_science__subject_college_chemistry__model=qwen3_5_9b,mmlu_science__subject_college_chemistry,qwen3_5_9b,100,8,hbn,,4,0.4812296048277006,0.8033978238574755,0.0007603225862268086
mmlu_science__subject_college_chemistry__model=qwen3_5_9b,mmlu_science__subject_college_chemistry,qwen3_5_9b,100,16,hbn,,6,0.3511697280337486,0.6832416790474494,0.0009122672936459826
mmlu_science__subject_college_chemistry__model=qwen3_5_9b,mmlu_science__subject_college_chemistry,qwen3_5_9b,100,32,hbn,,10,0.28473952736973573,0.5691020149074703,0.0008440215361749344
mmlu_science__subject_college_chemistry__model=qwen3_5_9b,mmlu_science__subject_college_chemistry,qwen3_5_9b,100,64,hbn,,16,0.22177634090182216,0.47049532226564944,0.0007042332397001176
mmlu_science__subject_college_physics__model=qwen2_5_32b,mmlu_science__subject_college_physics,qwen2_5_32b,100,8,hbn,,4,0.4812296048277006,0.823289646398373,0.00023719299022370918
mmlu_science__subject_college_physics__model=qwen2_5_32b,mmlu_science__subject_college_physics,qwen2_5_32b,100,16,hbn,,6,0.3511697280337486,0.7284462223738926,0.0003408990270542698
mmlu_science__subject_college_physics__model=qwen2_5_32b,mmlu_science__subject_college_physics,qwen2_5_32b,100,32,hbn,,10,0.28473952736973573,0.6494687560954664,0.00033974397027798935
mmlu_science__subject_college_physics__model=qwen2_5_32b,mmlu_science__subject_college_physics,qwen2_5_32b,100,64,hbn,,16,0.22177634090182216,0.5768514103125981,0.00030921757367482886
mmlu_science__subject_college_physics__model=qwen2_5_3b,mmlu_science__subject_college_physics,qwen2_5_3b,100,8,hbn,,4,0.4812296048277006,0.8645044989311667,0.0006100097813134467
mmlu_science__subject_college_physics__model=qwen2_5_3b,mmlu_science__subject_college_physics,qwen2_5_3b,100,16,hbn,,6,0.3511697280337486,0.7724160148413262,0.000761411698050829
mmlu_science__subject_college_physics__model=qwen2_5_3b,mmlu_science__subject_college_physics,qwen2_5_3b,100,32,hbn,,10,0.28473952736973573,0.6630148417862326,0.0007941914441711443
mmlu_science__subject_college_physics__model=qwen2_5_3b,mmlu_science__subject_college_physics,qwen2_5_3b,100,64,hbn,,16,0.22177634090182216,0.548613085505033,0.000745539985646417
mmlu_science__subject_college_physics__model=qwen2_5_7b,mmlu_science__subject_college_physics,qwen2_5_7b,100,8,hbn,,4,0.4812296048277006,0.8331622056217293,0.0005543333587201711
mmlu_science__subject_college_physics__model=qwen2_5_7b,mmlu_science__subject_college_physics,qwen2_5_7b,100,16,hbn,,6,0.3511697280337486,0.7286804670408613,0.0006614935237371067
mmlu_science__subject_college_physics__model=qwen2_5_7b,mmlu_science__subject_college_physics,qwen2_5_7b,100,32,hbn,,10,0.28473952736973573,0.61619069329629,0.0006615471980577678
mmlu_science__subject_college_physics__model=qwen2_5_7b,mmlu_science__subject_college_physics,qwen2_5_7b,100,64,hbn,,16,0.22177634090182216,0.5043933047322993,0.0006181390869650753
mmlu_science__subject_college_physics__model=qwen3_5_27b,mmlu_science__subject_college_physics,qwen3_5_27b,100,8,hbn,,4,0.4812296048277006,0.8665924825417666,0.002243673173132993
mmlu_science__subject_college_physics__model=qwen3_5_27b,mmlu_science__subject_college_physics,qwen3_5_27b,100,16,hbn,,6,0.3511697280337486,0.7584520946869128,0.003033005172535098
mmlu_science__subject_college_physics__model=qwen3_5_27b,mmlu_science__subject_college_physics,qwen3_5_27b,100,32,hbn,,10,0.28473952736973573,0.6195070458106514,0.0033472007255877564
mmlu_science__subject_college_physics__model=qwen3_5_27b,mmlu_science__subject_college_physics,qwen3_5_27b,100,64,hbn,,16,0.22177634090182216,0.4633498736411098,0.0031224539358970372
mmlu_science__subject_college_physics__model=qwen3_5_4b,mmlu_science__subject_college_physics,qwen3_5_4b,100,8,hbn,,4,0.4812296048277006,0.6733646773394415,0.0014507707836325073
mmlu_science__subject_college_physics__model=qwen3_5_4b,mmlu_science__subject_college_physics,qwen3_5_4b,100,16,hbn,,6,0.3511697280337486,0.5369153830327202,0.001420436745291377
mmlu_science__subject_college_physics__model=qwen3_5_4b,mmlu_science__subject_college_physics,qwen3_5_4b,100,32,hbn,,10,0.28473952736973573,0.4390004641394315,0.0009309280845434652
mmlu_science__subject_college_physics__model=qwen3_5_4b,mmlu_science__subject_college_physics,qwen3_5_4b,100,64,hbn,,16,0.22177634090182216,0.3697528748779277,0.000435574203910218
mmlu_science__subject_college_physics__model=qwen3_5_9b,mmlu_science__subject_college_physics,qwen3_5_9b,100,8,hbn,,4,0.4812296048277006,0.5748796322407748,6.671661788511005e-05
mmlu_science__subject_college_physics__model=qwen3_5_9b,mmlu_science__subject_college_physics,qwen3_5_9b,100,16,hbn,,6,0.3511697280337486,0.457556376282403,0.00012276603580310496
mmlu_science__subject_college_physics__model=qwen3_5_9b,mmlu_science__subject_college_physics,qwen3_5_9b,100,32,hbn,,10,0.28473952736973573,0.3938748106902813,0.00016451314022585946
mmlu_science__subject_college_physics__model=qwen3_5_9b,mmlu_science__subject_college_physics,qwen3_5_9b,100,64,hbn,,16,0.22177634090182216,0.3340684102799799,0.0001710723231441568
supergpqa_science__field_biology__model=qwen2_5_32b,supergpqa_science__field_biology,qwen2_5_32b,100,8,hbn,,4,0.4812296048277006,0.8542781139377376,0.0003071579198650413
supergpqa_science__field_biology__model=qwen2_5_32b,supergpqa_science__field_biology,qwen2_5_32b,100,16,hbn,,6,0.3511697280337486,0.7665754627798796,0.000426770824673772
supergpqa_science__field_biology__model=qwen2_5_32b,supergpqa_science__field_biology,qwen2_5_32b,100,32,hbn,,10,0.28473952736973573,0.6752688336495591,0.0003823103163350202
supergpqa_science__field_biology__model=qwen2_5_32b,supergpqa_science__field_biology,qwen2_5_32b,100,64,hbn,,16,0.22177634090182216,0.592891350087976,0.0003550370888604203
supergpqa_science__field_biology__model=qwen2_5_3b,supergpqa_science__field_biology,qwen2_5_3b,100,8,hbn,,4,0.4812296048277006,0.7364319563749615,0.0005127679423255028
supergpqa_science__field_biology__model=qwen2_5_3b,supergpqa_science__field_biology,qwen2_5_3b,100,16,hbn,,6,0.3511697280337486,0.586517046608517,0.000618544476878809
supergpqa_science__field_biology__model=qwen2_5_3b,supergpqa_science__field_biology,qwen2_5_3b,100,32,hbn,,10,0.28473952736973573,0.4705935911040437,0.000491229580511636
supergpqa_science__field_biology__model=qwen2_5_3b,supergpqa_science__field_biology,qwen2_5_3b,100,64,hbn,,16,0.22177634090182216,0.3745515341958095,0.00038467566303024286
supergpqa_science__field_biology__model=qwen2_5_7b,supergpqa_science__field_biology,qwen2_5_7b,100,8,hbn,,4,0.4812296048277006,0.7738119827961976,0.0008088626382304206
supergpqa_science__field_biology__model=qwen2_5_7b,supergpqa_science__field_biology,qwen2_5_7b,100,16,hbn,,6,0.3511697280337486,0.6615010896936073,0.0009004641401398912
supergpqa_science__field_biology__model=qwen2_5_7b,supergpqa_science__field_biology,qwen2_5_7b,100,32,hbn,,10,0.28473952736973573,0.5539185861430086,0.0007986854996945383
supergpqa_science__field_biology__model=qwen2_5_7b,supergpqa_science__field_biology,qwen2_5_7b,100,64,hbn,,16,0.22177634090182216,0.45096312618431605,0.0007993310742417768
supergpqa_science__field_biology__model=qwen3_5_27b,supergpqa_science__field_biology,qwen3_5_27b,100,8,hbn,,4,0.4812296048277006,0.884848176264662,0.000228241802174607
supergpqa_science__field_biology__model=qwen3_5_27b,supergpqa_science__field_biology,qwen3_5_27b,100,16,hbn,,6,0.3511697280337486,0.8141604630796633,0.00031551674188621913
supergpqa_science__field_biology__model=qwen3_5_27b,supergpqa_science__field_biology,qwen3_5_27b,100,32,hbn,,10,0.28473952736973573,0.7395806046945806,0.0002980912578681471
supergpqa_science__field_biology__model=qwen3_5_27b,supergpqa_science__field_biology,qwen3_5_27b,100,64,hbn,,16,0.22177634090182216,0.6709934780889708,0.00028989185433331776
supergpqa_science__field_biology__model=qwen3_5_4b,supergpqa_science__field_biology,qwen3_5_4b,100,8,hbn,,4,0.4812296048277006,0.9193365549204746,0.0001530421959544652
supergpqa_science__field_biology__model=qwen3_5_4b,supergpqa_science__field_biology,qwen3_5_4b,100,16,hbn,,6,0.3511697280337486,0.8652833362477484,0.0001675005758300793
supergpqa_science__field_biology__model=qwen3_5_4b,supergpqa_science__field_biology,qwen3_5_4b,100,32,hbn,,10,0.28473952736973573,0.8014396670448511,0.00017182382542911182
supergpqa_science__field_biology__model=qwen3_5_4b,supergpqa_science__field_biology,qwen3_5_4b,100,64,hbn,,16,0.22177634090182216,0.745043429680291,0.00015819068699247777
supergpqa_science__field_biology__model=qwen3_5_9b,supergpqa_science__field_biology,qwen3_5_9b,100,8,hbn,,4,0.4812296048277006,0.9289015592112864,0.00016255937801231888
supergpqa_science__field_biology__model=qwen3_5_9b,supergpqa_science__field_biology,qwen3_5_9b,100,16,hbn,,6,0.3511697280337486,0.8778633093107696,0.00018914831910172268
supergpqa_science__field_biology__model=qwen3_5_9b,supergpqa_science__field_biology,qwen3_5_9b,100,32,hbn,,10,0.28473952736973573,0.8147194020170507,0.00021468240201595785
supergpqa_science__field_biology__model=qwen3_5_9b,supergpqa_science__field_biology,qwen3_5_9b,100,64,hbn,,16,0.22177634090182216,0.7531959722430237,0.00019764458437466484
supergpqa_science__field_chemistry__model=qwen2_5_32b,supergpqa_science__field_chemistry,qwen2_5_32b,100,8,hbn,,4,0.4812296048277006,0.9302616387473099,0.0001442341664696997
supergpqa_science__field_chemistry__model=qwen2_5_32b,supergpqa_science__field_chemistry,qwen2_5_32b,100,16,hbn,,6,0.3511697280337486,0.8766847362817819,0.00022048910825927094
supergpqa_science__field_chemistry__model=qwen2_5_32b,supergpqa_science__field_chemistry,qwen2_5_32b,100,32,hbn,,10,0.28473952736973573,0.8212106595346573,0.00022754716224869628
supergpqa_science__field_chemistry__model=qwen2_5_32b,supergpqa_science__field_chemistry,qwen2_5_32b,100,64,hbn,,16,0.22177634090182216,0.7677088536120111,0.000203705268747342
supergpqa_science__field_chemistry__model=qwen2_5_3b,supergpqa_science__field_chemistry,qwen2_5_3b,100,8,hbn,,4,0.4812296048277006,0.8942947515159712,0.0004012773168965068
supergpqa_science__field_chemistry__model=qwen2_5_3b,supergpqa_science__field_chemistry,qwen2_5_3b,100,16,hbn,,6,0.3511697280337486,0.8308544109922317,0.0005553813549636211
supergpqa_science__field_chemistry__model=qwen2_5_3b,supergpqa_science__field_chemistry,qwen2_5_3b,100,32,hbn,,10,0.28473952736973573,0.7416813520343813,0.0005006279603138664
supergpqa_science__field_chemistry__model=qwen2_5_3b,supergpqa_science__field_chemistry,qwen2_5_3b,100,64,hbn,,16,0.22177634090182216,0.656895329451058,0.0004758067453649835
supergpqa_science__field_chemistry__model=qwen2_5_7b,supergpqa_science__field_chemistry,qwen2_5_7b,100,8,hbn,,4,0.4812296048277006,0.7917318019898505,0.0003518189723154767
supergpqa_science__field_chemistry__model=qwen2_5_7b,supergpqa_science__field_chemistry,qwen2_5_7b,100,16,hbn,,6,0.3511697280337486,0.6715793610988297,0.00045622996756154645
supergpqa_science__field_chemistry__model=qwen2_5_7b,supergpqa_science__field_chemistry,qwen2_5_7b,100,32,hbn,,10,0.28473952736973573,0.5748637116644291,0.0004192549192733166
supergpqa_science__field_chemistry__model=qwen2_5_7b,supergpqa_science__field_chemistry,qwen2_5_7b,100,64,hbn,,16,0.22177634090182216,0.48708622460127127,0.0003918165451286774
supergpqa_science__field_chemistry__model=qwen3_5_27b,supergpqa_science__field_chemistry,qwen3_5_27b,100,8,hbn,,4,0.4812296048277006,0.8719976819991132,0.000264927100426466
supergpqa_science__field_chemistry__model=qwen3_5_27b,supergpqa_science__field_chemistry,qwen3_5_27b,100,16,hbn,,6,0.3511697280337486,0.7943152846463264,0.00027752608841224915
supergpqa_science__field_chemistry__model=qwen3_5_27b,supergpqa_science__field_chemistry,qwen3_5_27b,100,32,hbn,,10,0.28473952736973573,0.7199015859546869,0.0002672256018079462
supergpqa_science__field_chemistry__model=qwen3_5_27b,supergpqa_science__field_chemistry,qwen3_5_27b,100,64,hbn,,16,0.22177634090182216,0.6565224649099981,0.0002246144759351128
supergpqa_science__field_chemistry__model=qwen3_5_4b,supergpqa_science__field_chemistry,qwen3_5_4b,100,8,hbn,,4,0.4812296048277006,0.9136109737139451,0.00016812026383260885
supergpqa_science__field_chemistry__model=qwen3_5_4b,supergpqa_science__field_chemistry,qwen3_5_4b,100,16,hbn,,6,0.3511697280337486,0.8528987380089328,0.0001995847959571371
supergpqa_science__field_chemistry__model=qwen3_5_4b,supergpqa_science__field_chemistry,qwen3_5_4b,100,32,hbn,,10,0.28473952736973573,0.7904108046323132,0.00018794934468774764
supergpqa_science__field_chemistry__model=qwen3_5_4b,supergpqa_science__field_chemistry,qwen3_5_4b,100,64,hbn,,16,0.22177634090182216,0.7333577468950765,0.00017485004452299875
supergpqa_science__field_chemistry__model=qwen3_5_9b,supergpqa_science__field_chemistry,qwen3_5_9b,100,8,hbn,,4,0.4812296048277006,0.9068840580591844,0.00021927877599797936
supergpqa_science__field_chemistry__model=qwen3_5_9b,supergpqa_science__field_chemistry,qwen3_5_9b,100,16,hbn,,6,0.3511697280337486,0.8438528753287124,0.0002485432552594779
supergpqa_science__field_chemistry__model=qwen3_5_9b,supergpqa_science__field_chemistry,qwen3_5_9b,100,32,hbn,,10,0.28473952736973573,0.7800278322103404,0.00024242840477237403
supergpqa_science__field_chemistry__model=qwen3_5_9b,supergpqa_science__field_chemistry,qwen3_5_9b,100,64,hbn,,16,0.22177634090182216,0.7234584275008118,0.00022209797134766193
supergpqa_science__field_physics__model=qwen2_5_32b,supergpqa_science__field_physics,qwen2_5_32b,100,8,hbn,,4,0.4812296048277006,0.9379881440505315,8.906222351824183e-05
supergpqa_science__field_physics__model=qwen2_5_32b,supergpqa_science__field_physics,qwen2_5_32b,100,16,hbn,,6,0.3511697280337486,0.8927906423361157,0.00014687601385183425
supergpqa_science__field_physics__model=qwen2_5_32b,supergpqa_science__field_physics,qwen2_5_32b,100,32,hbn,,10,0.28473952736973573,0.8495470088671717,0.00015013191222555618
supergpqa_science__field_physics__model=qwen2_5_32b,supergpqa_science__field_physics,qwen2_5_32b,100,64,hbn,,16,0.22177634090182216,0.8074428188096885,0.0001483451906810688
supergpqa_science__field_physics__model=qwen2_5_3b,supergpqa_science__field_physics,qwen2_5_3b,100,8,hbn,,4,0.4812296048277006,0.8407285337784991,0.0002437563002892374
supergpqa_science__field_physics__model=qwen2_5_3b,supergpqa_science__field_physics,qwen2_5_3b,100,16,hbn,,6,0.3511697280337486,0.7470878862345574,0.00037095595299507897
supergpqa_science__field_physics__model=qwen2_5_3b,supergpqa_science__field_physics,qwen2_5_3b,100,32,hbn,,10,0.28473952736973573,0.6683873871364089,0.0003127635281342069
supergpqa_science__field_physics__model=qwen2_5_3b,supergpqa_science__field_physics,qwen2_5_3b,100,64,hbn,,16,0.22177634090182216,0.5965277083524525,0.000275102204715015
supergpqa_science__field_physics__model=qwen2_5_7b,supergpqa_science__field_physics,qwen2_5_7b,100,8,hbn,,4,0.4812296048277006,0.7937793923428816,0.000399348062375084
supergpqa_science__field_physics__model=qwen2_5_7b,supergpqa_science__field_physics,qwen2_5_7b,100,16,hbn,,6,0.3511697280337486,0.6725679853754591,0.0005534184668145619
supergpqa_science__field_physics__model=qwen2_5_7b,supergpqa_science__field_physics,qwen2_5_7b,100,32,hbn,,10,0.28473952736973573,0.5620918778441427,0.0004918778872884834
supergpqa_science__field_physics__model=qwen2_5_7b,supergpqa_science__field_physics,qwen2_5_7b,100,64,hbn,,16,0.22177634090182216,0.4654260477840778,0.0004196119650552081
supergpqa_science__field_physics__model=qwen3_5_27b,supergpqa_science__field_physics,qwen3_5_27b,100,8,hbn,,4,0.4812296048277006,0.861057178942167,0.00029457965233962665
supergpqa_science__field_physics__model=qwen3_5_27b,supergpqa_science__field_physics,qwen3_5_27b,100,16,hbn,,6,0.3511697280337486,0.7792597553641317,0.0003476795028157346
supergpqa_science__field_physics__model=qwen3_5_27b,supergpqa_science__field_physics,qwen3_5_27b,100,32,hbn,,10,0.28473952736973573,0.695585930744919,0.0003042538460024147
supergpqa_science__field_physics__model=qwen3_5_27b,supergpqa_science__field_physics,qwen3_5_27b,100,64,hbn,,16,0.22177634090182216,0.6271065419253694,0.0002657737066574686
supergpqa_science__field_physics__model=qwen3_5_4b,supergpqa_science__field_physics,qwen3_5_4b,100,8,hbn,,4,0.4812296048277006,0.8979509085730907,0.00024232837361657161
supergpqa_science__field_physics__model=qwen3_5_4b,supergpqa_science__field_physics,qwen3_5_4b,100,16,hbn,,6,0.3511697280337486,0.8357672558046875,0.000255482617532942
supergpqa_science__field_physics__model=qwen3_5_4b,supergpqa_science__field_physics,qwen3_5_4b,100,32,hbn,,10,0.28473952736973573,0.7754062180098789,0.00025294491000858136
supergpqa_science__field_physics__model=qwen3_5_4b,supergpqa_science__field_physics,qwen3_5_4b,100,64,hbn,,16,0.22177634090182216,0.7227752619475696,0.0002348550315570692
supergpqa_science__field_physics__model=qwen3_5_9b,supergpqa_science__field_physics,qwen3_5_9b,100,8,hbn,,4,0.4812296048277006,0.89807861370308,0.00026681627360115314
supergpqa_science__field_physics__model=qwen3_5_9b,supergpqa_science__field_physics,qwen3_5_9b,100,16,hbn,,6,0.3511697280337486,0.8311439357378418,0.0002996377036858418
supergpqa_science__field_physics__model=qwen3_5_9b,supergpqa_science__field_physics,qwen3_5_9b,100,32,hbn,,10,0.28473952736973573,0.757883026201875,0.0002986583471282446
supergpqa_science__field_physics__model=qwen3_5_9b,supergpqa_science__field_physics,qwen3_5_9b,100,64,hbn,,16,0.22177634090182216,0.6938820028833736,0.00024946959227890956
