pair_key,benchmark,model,n_tasks,b,variance_ratio
aime24__model=qwen2_5_32b,aime24,qwen2_5_32b,30,8,0.5214487854055606
aime24__model=qwen2_5_32b,aime24,qwen2_5_32b,30,16,0.5097642025781643
aime24__model=qwen2_5_32b,aime24,qwen2_5_32b,30,32,0.5043064993311513
aime24__model=qwen2_5_32b,aime24,qwen2_5_32b,30,64,0.5016406220080992
aime24__model=qwen2_5_3b,aime24,qwen2_5_3b,30,8,0.3823787514861715
aime24__model=qwen2_5_3b,aime24,qwen2_5_3b,30,16,0.37245925672825386
aime24__model=qwen2_5_3b,aime24,qwen2_5_3b,30,32,0.36758701306573105
aime24__model=qwen2_5_3b,aime24,qwen2_5_3b,30,64,0.36526852669772425
aime24__model=qwen2_5_7b,aime24,qwen2_5_7b,30,8,0.40949311234023594
aime24__model=qwen2_5_7b,aime24,qwen2_5_7b,30,16,0.4014906497865708
aime24__model=qwen2_5_7b,aime24,qwen2_5_7b,30,32,0.39761507298255144
aime24__model=qwen2_5_7b,aime24,qwen2_5_7b,30,64,0.39571137923296495
aime24__model=qwen3_5_27b,aime24,qwen3_5_27b,30,8,0.5468804271036376
aime24__model=qwen3_5_27b,aime24,qwen3_5_27b,30,16,0.5406050212397588
aime24__model=qwen3_5_27b,aime24,qwen3_5_27b,30,32,0.5371667185767859
aime24__model=qwen3_5_27b,aime24,qwen3_5_27b,30,64,0.5357410413906345
aime24__model=qwen3_5_4b,aime24,qwen3_5_4b,30,8,0.6547252526338042
aime24__model=qwen3_5_4b,aime24,qwen3_5_4b,30,16,0.6487556065783747
aime24__model=qwen3_5_4b,aime24,qwen3_5_4b,30,32,0.6458676795640722
aime24__model=qwen3_5_4b,aime24,qwen3_5_4b,30,64,0.6444676078905263
aime24__model=qwen3_5_9b,aime24,qwen3_5_9b,30,8,0.6786778713155414
aime24__model=qwen3_5_9b,aime24,qwen3_5_9b,30,16,0.6719679754251763
aime24__model=qwen3_5_9b,aime24,qwen3_5_9b,30,32,0.6689320696168285
aime24__model=qwen3_5_9b,aime24,qwen3_5_9b,30,64,0.6674729469495095
aime25__model=qwen2_5_32b,aime25,qwen2_5_32b,30,8,0.5021089010802258
aime25__model=qwen2_5_32b,aime25,qwen2_5_32b,30,16,0.49160748134768645
aime25__model=qwen2_5_32b,aime25,qwen2_5_32b,30,32,0.4868923455773188
aime25__model=qwen2_5_32b,aime25,qwen2_5_32b,30,64,0.48458851708535544
aime25__model=qwen2_5_3b,aime25,qwen2_5_3b,30,8,0.4093719467164289
aime25__model=qwen2_5_3b,aime25,qwen2_5_3b,30,16,0.3996007676316444
aime25__model=qwen2_5_3b,aime25,qwen2_5_3b,30,32,0.3949283074351304
aime25__model=qwen2_5_3b,aime25,qwen2_5_3b,30,64,0.3926349985255289
aime25__model=qwen2_5_7b,aime25,qwen2_5_7b,30,8,0.4313705592370177
aime25__model=qwen2_5_7b,aime25,qwen2_5_7b,30,16,0.42137060251493924
aime25__model=qwen2_5_7b,aime25,qwen2_5_7b,30,32,0.4168750685376846
aime25__model=qwen2_5_7b,aime25,qwen2_5_7b,30,64,0.41467307676160403
aime25__model=qwen3_5_27b,aime25,qwen3_5_27b,30,8,0.5895181214641952
aime25__model=qwen3_5_27b,aime25,qwen3_5_27b,30,16,0.5815600510209098
aime25__model=qwen3_5_27b,aime25,qwen3_5_27b,30,32,0.5776665140024242
aime25__model=qwen3_5_27b,aime25,qwen3_5_27b,30,64,0.5757850998287634
aime25__model=qwen3_5_4b,aime25,qwen3_5_4b,30,8,0.5522024556542423
aime25__model=qwen3_5_4b,aime25,qwen3_5_4b,30,16,0.5445881851987343
aime25__model=qwen3_5_4b,aime25,qwen3_5_4b,30,32,0.5409093791676861
aime25__model=qwen3_5_4b,aime25,qwen3_5_4b,30,64,0.5391341656208035
aime25__model=qwen3_5_9b,aime25,qwen3_5_9b,30,8,0.534382418915564
aime25__model=qwen3_5_9b,aime25,qwen3_5_9b,30,16,0.5243374044295718
aime25__model=qwen3_5_9b,aime25,qwen3_5_9b,30,32,0.5198296599437807
aime25__model=qwen3_5_9b,aime25,qwen3_5_9b,30,64,0.5175996655393394
aime26__model=qwen2_5_32b,aime26,qwen2_5_32b,30,8,0.4516764216736678
aime26__model=qwen2_5_32b,aime26,qwen2_5_32b,30,16,0.44452423896453674
aime26__model=qwen2_5_32b,aime26,qwen2_5_32b,30,32,0.4410199276054725
aime26__model=qwen2_5_32b,aime26,qwen2_5_32b,30,64,0.43938850971366705
aime26__model=qwen2_5_3b,aime26,qwen2_5_3b,30,8,0.33189327176061145
aime26__model=qwen2_5_3b,aime26,qwen2_5_3b,30,16,0.3230870120740193
aime26__model=qwen2_5_3b,aime26,qwen2_5_3b,30,32,0.31893783820654636
aime26__model=qwen2_5_3b,aime26,qwen2_5_3b,30,64,0.3169125916875271
aime26__model=qwen2_5_7b,aime26,qwen2_5_7b,30,8,0.3676624165108432
aime26__model=qwen2_5_7b,aime26,qwen2_5_7b,30,16,0.3581689322513452
aime26__model=qwen2_5_7b,aime26,qwen2_5_7b,30,32,0.35353194755352163
aime26__model=qwen2_5_7b,aime26,qwen2_5_7b,30,64,0.3512994830890771
aime26__model=qwen3_5_27b,aime26,qwen3_5_27b,30,8,0.6052434662502292
aime26__model=qwen3_5_27b,aime26,qwen3_5_27b,30,16,0.5983968290863055
aime26__model=qwen3_5_27b,aime26,qwen3_5_27b,30,32,0.5950481824367906
aime26__model=qwen3_5_27b,aime26,qwen3_5_27b,30,64,0.593379160833653
aime26__model=qwen3_5_4b,aime26,qwen3_5_4b,30,8,0.6124685136557066
aime26__model=qwen3_5_4b,aime26,qwen3_5_4b,30,16,0.6027951464829971
aime26__model=qwen3_5_4b,aime26,qwen3_5_4b,30,32,0.5982949509286741
aime26__model=qwen3_5_4b,aime26,qwen3_5_4b,30,64,0.5960622707242862
aime26__model=qwen3_5_9b,aime26,qwen3_5_9b,30,8,0.6352924405859133
aime26__model=qwen3_5_9b,aime26,qwen3_5_9b,30,16,0.627812428961781
aime26__model=qwen3_5_9b,aime26,qwen3_5_9b,30,32,0.6243718640187104
aime26__model=qwen3_5_9b,aime26,qwen3_5_9b,30,64,0.6226856635566674
gpqa_diamond__domain_biology__model=qwen2_5_32b,gpqa_diamond__domain_biology,qwen2_5_32b,19,8,0.20154299871241424
gpqa_diamond__domain_biology__model=qwen2_5_32b,gpqa_diamond__domain_biology,qwen2_5_32b,19,16,0.19108435952190025
gpqa_diamond__domain_biology__model=qwen2_5_32b,gpqa_diamond__domain_biology,qwen2_5_32b,19,32,0.18624605868395658
gpqa_diamond__domain_biology__model=qwen2_5_32b,gpqa_diamond__domain_biology,qwen2_5_32b,19,64,0.18391837901907906
gpqa_diamond__domain_biology__model=qwen2_5_7b,gpqa_diamond__domain_biology,qwen2_5_7b,19,8,0.17281158166349117
gpqa_diamond__domain_biology__model=qwen2_5_7b,gpqa_diamond__domain_biology,qwen2_5_7b,19,16,0.16319987181762793
gpqa_diamond__domain_biology__model=qwen2_5_7b,gpqa_diamond__domain_biology,qwen2_5_7b,19,32,0.15878878876994842
gpqa_diamond__domain_biology__model=qwen2_5_7b,gpqa_diamond__domain_biology,qwen2_5_7b,19,64,0.15667139376332817
gpqa_diamond__domain_biology__model=qwen3_5_27b,gpqa_diamond__domain_biology,qwen3_5_27b,19,8,0.4655005553588074
gpqa_diamond__domain_biology__model=qwen3_5_27b,gpqa_diamond__domain_biology,qwen3_5_27b,19,16,0.4540383331322698
gpqa_diamond__domain_biology__model=qwen3_5_27b,gpqa_diamond__domain_biology,qwen3_5_27b,19,32,0.448594162626272
gpqa_diamond__domain_biology__model=qwen3_5_27b,gpqa_diamond__domain_biology,qwen3_5_27b,19,64,0.44596283860647173
gpqa_diamond__domain_biology__model=qwen3_5_4b,gpqa_diamond__domain_biology,qwen3_5_4b,19,8,0.602077669457639
gpqa_diamond__domain_biology__model=qwen3_5_4b,gpqa_diamond__domain_biology,qwen3_5_4b,19,16,0.5895949111162158
gpqa_diamond__domain_biology__model=qwen3_5_4b,gpqa_diamond__domain_biology,qwen3_5_4b,19,32,0.5836457499417935
gpqa_diamond__domain_biology__model=qwen3_5_4b,gpqa_diamond__domain_biology,qwen3_5_4b,19,64,0.5807255580296925
gpqa_diamond__domain_biology__model=qwen3_5_9b,gpqa_diamond__domain_biology,qwen3_5_9b,19,8,0.5683447914789286
gpqa_diamond__domain_biology__model=qwen3_5_9b,gpqa_diamond__domain_biology,qwen3_5_9b,19,16,0.5566127206094589
gpqa_diamond__domain_biology__model=qwen3_5_9b,gpqa_diamond__domain_biology,qwen3_5_9b,19,32,0.5509223329738485
gpqa_diamond__domain_biology__model=qwen3_5_9b,gpqa_diamond__domain_biology,qwen3_5_9b,19,64,0.548158258470966
gpqa_diamond__domain_chemistry__model=qwen2_5_32b,gpqa_diamond__domain_chemistry,qwen2_5_32b,93,8,0.2901113919866506
gpqa_diamond__domain_chemistry__model=qwen2_5_32b,gpqa_diamond__domain_chemistry,qwen2_5_32b,93,16,0.27778494401744197
gpqa_diamond__domain_chemistry__model=qwen2_5_32b,gpqa_diamond__domain_chemistry,qwen2_5_32b,93,32,0.272064401339016
gpqa_diamond__domain_chemistry__model=qwen2_5_32b,gpqa_diamond__domain_chemistry,qwen2_5_32b,93,64,0.2692871653618937
gpqa_diamond__domain_chemistry__model=qwen2_5_3b,gpqa_diamond__domain_chemistry,qwen2_5_3b,93,8,0.2483662961545486
gpqa_diamond__domain_chemistry__model=qwen2_5_3b,gpqa_diamond__domain_chemistry,qwen2_5_3b,93,16,0.23608422783960412
gpqa_diamond__domain_chemistry__model=qwen2_5_3b,gpqa_diamond__domain_chemistry,qwen2_5_3b,93,32,0.23039226625366518
gpqa_diamond__domain_chemistry__model=qwen2_5_3b,gpqa_diamond__domain_chemistry,qwen2_5_3b,93,64,0.22764934067836318
gpqa_diamond__domain_chemistry__model=qwen2_5_7b,gpqa_diamond__domain_chemistry,qwen2_5_7b,93,8,0.13344228219118642
gpqa_diamond__domain_chemistry__model=qwen2_5_7b,gpqa_diamond__domain_chemistry,qwen2_5_7b,93,16,0.12575443945188822
gpqa_diamond__domain_chemistry__model=qwen2_5_7b,gpqa_diamond__domain_chemistry,qwen2_5_7b,93,32,0.12223562085299014
gpqa_diamond__domain_chemistry__model=qwen2_5_7b,gpqa_diamond__domain_chemistry,qwen2_5_7b,93,64,0.12054904495161267
gpqa_diamond__domain_chemistry__model=qwen3_5_27b,gpqa_diamond__domain_chemistry,qwen3_5_27b,93,8,0.6833779893966945
gpqa_diamond__domain_chemistry__model=qwen3_5_27b,gpqa_diamond__domain_chemistry,qwen3_5_27b,93,16,0.676152693418611
gpqa_diamond__domain_chemistry__model=qwen3_5_27b,gpqa_diamond__domain_chemistry,qwen3_5_27b,93,32,0.6728629972545928
gpqa_diamond__domain_chemistry__model=qwen3_5_27b,gpqa_diamond__domain_chemistry,qwen3_5_27b,93,64,0.6712227444384162
gpqa_diamond__domain_chemistry__model=qwen3_5_4b,gpqa_diamond__domain_chemistry,qwen3_5_4b,93,8,0.7024288669229645
gpqa_diamond__domain_chemistry__model=qwen3_5_4b,gpqa_diamond__domain_chemistry,qwen3_5_4b,93,16,0.6959043216331313
gpqa_diamond__domain_chemistry__model=qwen3_5_4b,gpqa_diamond__domain_chemistry,qwen3_5_4b,93,32,0.6928791184575853
gpqa_diamond__domain_chemistry__model=qwen3_5_4b,gpqa_diamond__domain_chemistry,qwen3_5_4b,93,64,0.6914007739063267
gpqa_diamond__domain_chemistry__model=qwen3_5_9b,gpqa_diamond__domain_chemistry,qwen3_5_9b,93,8,0.6961226549201507
gpqa_diamond__domain_chemistry__model=qwen3_5_9b,gpqa_diamond__domain_chemistry,qwen3_5_9b,93,16,0.6909827665779901
gpqa_diamond__domain_chemistry__model=qwen3_5_9b,gpqa_diamond__domain_chemistry,qwen3_5_9b,93,32,0.6886983609101124
gpqa_diamond__domain_chemistry__model=qwen3_5_9b,gpqa_diamond__domain_chemistry,qwen3_5_9b,93,64,0.6876084994149305
gpqa_diamond__domain_physics__model=qwen2_5_32b,gpqa_diamond__domain_physics,qwen2_5_32b,86,8,0.5623992089570329
gpqa_diamond__domain_physics__model=qwen2_5_32b,gpqa_diamond__domain_physics,qwen2_5_32b,86,16,0.5495493581499111
gpqa_diamond__domain_physics__model=qwen2_5_32b,gpqa_diamond__domain_physics,qwen2_5_32b,86,32,0.5433988167943476
gpqa_diamond__domain_physics__model=qwen2_5_32b,gpqa_diamond__domain_physics,qwen2_5_32b,86,64,0.5403921049099297
gpqa_diamond__domain_physics__model=qwen2_5_3b,gpqa_diamond__domain_physics,qwen2_5_3b,86,8,0.2715812991812641
gpqa_diamond__domain_physics__model=qwen2_5_3b,gpqa_diamond__domain_physics,qwen2_5_3b,86,16,0.25891905124874426
gpqa_diamond__domain_physics__model=qwen2_5_3b,gpqa_diamond__domain_physics,qwen2_5_3b,86,32,0.25304449449871586
gpqa_diamond__domain_physics__model=qwen2_5_3b,gpqa_diamond__domain_physics,qwen2_5_3b,86,64,0.2502061352066309
gpqa_diamond__domain_physics__model=qwen2_5_7b,gpqa_diamond__domain_physics,qwen2_5_7b,86,8,0.22514422325520791
gpqa_diamond__domain_physics__model=qwen2_5_7b,gpqa_diamond__domain_physics,qwen2_5_7b,86,16,0.21359776704161706
gpqa_diamond__domain_physics__model=qwen2_5_7b,gpqa_diamond__domain_physics,qwen2_5_7b,86,32,0.20826474015175186
gpqa_diamond__domain_physics__model=qwen2_5_7b,gpqa_diamond__domain_physics,qwen2_5_7b,86,64,0.205696836700758
gpqa_diamond__domain_physics__model=qwen3_5_27b,gpqa_diamond__domain_physics,qwen3_5_27b,86,8,0.23191182105793134
gpqa_diamond__domain_physics__model=qwen3_5_27b,gpqa_diamond__domain_physics,qwen3_5_27b,86,16,0.22233776793514964
gpqa_diamond__domain_physics__model=qwen3_5_27b,gpqa_diamond__domain_physics,qwen3_5_27b,86,32,0.21788222164667692
gpqa_diamond__domain_physics__model=qwen3_5_27b,gpqa_diamond__domain_physics,qwen3_5_27b,86,64,0.2157219493514907
gpqa_diamond__domain_physics__model=qwen3_5_4b,gpqa_diamond__domain_physics,qwen3_5_4b,86,8,0.35820698971486986
gpqa_diamond__domain_physics__model=qwen3_5_4b,gpqa_diamond__domain_physics,qwen3_5_4b,86,16,0.3487125675494071
gpqa_diamond__domain_physics__model=qwen3_5_4b,gpqa_diamond__domain_physics,qwen3_5_4b,86,32,0.3441879523572424
gpqa_diamond__domain_physics__model=qwen3_5_4b,gpqa_diamond__domain_physics,qwen3_5_4b,86,64,0.3419531834657654
gpqa_diamond__domain_physics__model=qwen3_5_9b,gpqa_diamond__domain_physics,qwen3_5_9b,86,8,0.28112683531849125
gpqa_diamond__domain_physics__model=qwen3_5_9b,gpqa_diamond__domain_physics,qwen3_5_9b,86,16,0.26974447852636957
gpqa_diamond__domain_physics__model=qwen3_5_9b,gpqa_diamond__domain_physics,qwen3_5_9b,86,32,0.2644214658500021
gpqa_diamond__domain_physics__model=qwen3_5_9b,gpqa_diamond__domain_physics,qwen3_5_9b,86,64,0.2618470603785043
hle__text_only_sample100__model=qwen2_5_32b,hle__text_only_sample100,qwen2_5_32b,100,8,0.30374392538475015
hle__text_only_sample100__model=qwen2_5_32b,hle__text_only_sample100,qwen2_5_32b,100,16,0.2930159158787864
hle__text_only_sample100__model=qwen2_5_32b,hle__text_only_sample100,qwen2_5_32b,100,32,0.2879734022115921
hle__text_only_sample100__model=qwen2_5_32b,hle__text_only_sample100,qwen2_5_32b,100,64,0.28550956414010503
hle__text_only_sample100__model=qwen2_5_3b,hle__text_only_sample100,qwen2_5_3b,100,8,0.3664024570274067
hle__text_only_sample100__model=qwen2_5_3b,hle__text_only_sample100,qwen2_5_3b,100,16,0.3567086276221545
hle__text_only_sample100__model=qwen2_5_3b,hle__text_only_sample100,qwen2_5_3b,100,32,0.3520402045744886
hle__text_only_sample100__model=qwen2_5_3b,hle__text_only_sample100,qwen2_5_3b,100,64,0.3498164987587971
hle__text_only_sample100__model=qwen2_5_7b,hle__text_only_sample100,qwen2_5_7b,100,8,0.32580923146992197
hle__text_only_sample100__model=qwen2_5_7b,hle__text_only_sample100,qwen2_5_7b,100,16,0.3145543278749511
hle__text_only_sample100__model=qwen2_5_7b,hle__text_only_sample100,qwen2_5_7b,100,32,0.30922200382802184
hle__text_only_sample100__model=qwen2_5_7b,hle__text_only_sample100,qwen2_5_7b,100,64,0.30663021677203495
hle__text_only_sample100__model=qwen3_5_27b,hle__text_only_sample100,qwen3_5_27b,100,8,0.47947633204022533
hle__text_only_sample100__model=qwen3_5_27b,hle__text_only_sample100,qwen3_5_27b,100,16,0.46733762085784725
hle__text_only_sample100__model=qwen3_5_27b,hle__text_only_sample100,qwen3_5_27b,100,32,0.46179942878828856
hle__text_only_sample100__model=qwen3_5_27b,hle__text_only_sample100,qwen3_5_27b,100,64,0.459093590646441
hle__text_only_sample100__model=qwen3_5_4b,hle__text_only_sample100,qwen3_5_4b,100,8,0.38767345187824537
hle__text_only_sample100__model=qwen3_5_4b,hle__text_only_sample100,qwen3_5_4b,100,16,0.37670608332453026
hle__text_only_sample100__model=qwen3_5_4b,hle__text_only_sample100,qwen3_5_4b,100,32,0.3714976519549962
hle__text_only_sample100__model=qwen3_5_4b,hle__text_only_sample100,qwen3_5_4b,100,64,0.36896688638027225
hle__text_only_sample100__model=qwen3_5_9b,hle__text_only_sample100,qwen3_5_9b,100,8,0.4414515084916917
hle__text_only_sample100__model=qwen3_5_9b,hle__text_only_sample100,qwen3_5_9b,100,16,0.4306278852086083
hle__text_only_sample100__model=qwen3_5_9b,hle__text_only_sample100,qwen3_5_9b,100,32,0.425777002078343
hle__text_only_sample100__model=qwen3_5_9b,hle__text_only_sample100,qwen3_5_9b,100,64,0.4234003109639194
hmmt__model=qwen2_5_32b,hmmt,qwen2_5_32b,30,8,0.23628237747790967
hmmt__model=qwen2_5_32b,hmmt,qwen2_5_32b,30,16,0.22697401891334937
hmmt__model=qwen2_5_32b,hmmt,qwen2_5_32b,30,32,0.22262351986814757
hmmt__model=qwen2_5_32b,hmmt,qwen2_5_32b,30,64,0.2205135313559209
hmmt__model=qwen2_5_3b,hmmt,qwen2_5_3b,30,8,0.3319751836238989
hmmt__model=qwen2_5_3b,hmmt,qwen2_5_3b,30,16,0.32042316790509473
hmmt__model=qwen2_5_3b,hmmt,qwen2_5_3b,30,32,0.31496845894323505
hmmt__model=qwen2_5_3b,hmmt,qwen2_5_3b,30,64,0.31231244091033405
hmmt__model=qwen2_5_7b,hmmt,qwen2_5_7b,30,8,0.28297175989981854
hmmt__model=qwen2_5_7b,hmmt,qwen2_5_7b,30,16,0.2718624434721461
hmmt__model=qwen2_5_7b,hmmt,qwen2_5_7b,30,32,0.2666333523490667
hmmt__model=qwen2_5_7b,hmmt,qwen2_5_7b,30,64,0.264104166130736
hmmt__model=qwen3_5_27b,hmmt,qwen3_5_27b,30,8,0.7419213611110234
hmmt__model=qwen3_5_27b,hmmt,qwen3_5_27b,30,16,0.7335358899483535
hmmt__model=qwen3_5_27b,hmmt,qwen3_5_27b,30,32,0.7293927668914162
hmmt__model=qwen3_5_27b,hmmt,qwen3_5_27b,30,64,0.7274415806837798
hmmt__model=qwen3_5_4b,hmmt,qwen3_5_4b,30,8,0.6188461788827213
hmmt__model=qwen3_5_4b,hmmt,qwen3_5_4b,30,16,0.609322363572644
hmmt__model=qwen3_5_4b,hmmt,qwen3_5_4b,30,32,0.6047157279408092
hmmt__model=qwen3_5_4b,hmmt,qwen3_5_4b,30,64,0.6024809018835287
hmmt__model=qwen3_5_9b,hmmt,qwen3_5_9b,30,8,0.6702324575132251
hmmt__model=qwen3_5_9b,hmmt,qwen3_5_9b,30,16,0.6641055423820564
hmmt__model=qwen3_5_9b,hmmt,qwen3_5_9b,30,32,0.6610965093508973
hmmt__model=qwen3_5_9b,hmmt,qwen3_5_9b,30,64,0.659656104467394
livecodebench_gt_2024_03_30__difficulty_easy__model=qwen2_5_32b,livecodebench_gt_2024_03_30__difficulty_easy,qwen2_5_32b,100,8,0.7522316497411445
livecodebench_gt_2024_03_30__difficulty_easy__model=qwen2_5_32b,livecodebench_gt_2024_03_30__difficulty_easy,qwen2_5_32b,100,16,0.7452767231649408
livecodebench_gt_2024_03_30__difficulty_easy__model=qwen2_5_32b,livecodebench_gt_2024_03_30__difficulty_easy,qwen2_5_32b,100,32,0.7421188705953443
livecodebench_gt_2024_03_30__difficulty_easy__model=qwen2_5_32b,livecodebench_gt_2024_03_30__difficulty_easy,qwen2_5_32b,100,64,0.7405684394460591
livecodebench_gt_2024_03_30__difficulty_easy__model=qwen2_5_3b,livecodebench_gt_2024_03_30__difficulty_easy,qwen2_5_3b,100,8,0.7528721174327827
livecodebench_gt_2024_03_30__difficulty_easy__model=qwen2_5_3b,livecodebench_gt_2024_03_30__difficulty_easy,qwen2_5_3b,100,16,0.7478892179690843
livecodebench_gt_2024_03_30__difficulty_easy__model=qwen2_5_3b,livecodebench_gt_2024_03_30__difficulty_easy,qwen2_5_3b,100,32,0.7456885598082721
livecodebench_gt_2024_03_30__difficulty_easy__model=qwen2_5_3b,livecodebench_gt_2024_03_30__difficulty_easy,qwen2_5_3b,100,64,0.7446828770726858
livecodebench_gt_2024_03_30__difficulty_easy__model=qwen2_5_7b,livecodebench_gt_2024_03_30__difficulty_easy,qwen2_5_7b,100,8,0.6423290118880935
livecodebench_gt_2024_03_30__difficulty_easy__model=qwen2_5_7b,livecodebench_gt_2024_03_30__difficulty_easy,qwen2_5_7b,100,16,0.6336998668601357
livecodebench_gt_2024_03_30__difficulty_easy__model=qwen2_5_7b,livecodebench_gt_2024_03_30__difficulty_easy,qwen2_5_7b,100,32,0.6295330557985105
livecodebench_gt_2024_03_30__difficulty_easy__model=qwen2_5_7b,livecodebench_gt_2024_03_30__difficulty_easy,qwen2_5_7b,100,64,0.627528845082099
livecodebench_gt_2024_03_30__difficulty_easy__model=qwen3_5_27b,livecodebench_gt_2024_03_30__difficulty_easy,qwen3_5_27b,100,8,0.718145909215099
livecodebench_gt_2024_03_30__difficulty_easy__model=qwen3_5_27b,livecodebench_gt_2024_03_30__difficulty_easy,qwen3_5_27b,100,16,0.7128783438113532
livecodebench_gt_2024_03_30__difficulty_easy__model=qwen3_5_27b,livecodebench_gt_2024_03_30__difficulty_easy,qwen3_5_27b,100,32,0.7104355592333849
livecodebench_gt_2024_03_30__difficulty_easy__model=qwen3_5_27b,livecodebench_gt_2024_03_30__difficulty_easy,qwen3_5_27b,100,64,0.7093702063338382
livecodebench_gt_2024_03_30__difficulty_easy__model=qwen3_5_4b,livecodebench_gt_2024_03_30__difficulty_easy,qwen3_5_4b,100,8,0.8533289065374896
livecodebench_gt_2024_03_30__difficulty_easy__model=qwen3_5_4b,livecodebench_gt_2024_03_30__difficulty_easy,qwen3_5_4b,100,16,0.8511434375838771
livecodebench_gt_2024_03_30__difficulty_easy__model=qwen3_5_4b,livecodebench_gt_2024_03_30__difficulty_easy,qwen3_5_4b,100,32,0.8503081600624969
livecodebench_gt_2024_03_30__difficulty_easy__model=qwen3_5_4b,livecodebench_gt_2024_03_30__difficulty_easy,qwen3_5_4b,100,64,0.8499771537462506
livecodebench_gt_2024_03_30__difficulty_easy__model=qwen3_5_9b,livecodebench_gt_2024_03_30__difficulty_easy,qwen3_5_9b,100,8,0.8558927184821488
livecodebench_gt_2024_03_30__difficulty_easy__model=qwen3_5_9b,livecodebench_gt_2024_03_30__difficulty_easy,qwen3_5_9b,100,16,0.8536642903600257
livecodebench_gt_2024_03_30__difficulty_easy__model=qwen3_5_9b,livecodebench_gt_2024_03_30__difficulty_easy,qwen3_5_9b,100,32,0.8528554526891766
livecodebench_gt_2024_03_30__difficulty_easy__model=qwen3_5_9b,livecodebench_gt_2024_03_30__difficulty_easy,qwen3_5_9b,100,64,0.8525390806808296
livecodebench_gt_2024_03_30__difficulty_hard__model=qwen2_5_32b,livecodebench_gt_2024_03_30__difficulty_hard,qwen2_5_32b,100,8,0.14284950507594874
livecodebench_gt_2024_03_30__difficulty_hard__model=qwen2_5_32b,livecodebench_gt_2024_03_30__difficulty_hard,qwen2_5_32b,100,16,0.1355776905943848
livecodebench_gt_2024_03_30__difficulty_hard__model=qwen2_5_32b,livecodebench_gt_2024_03_30__difficulty_hard,qwen2_5_32b,100,32,0.13222798064534114
livecodebench_gt_2024_03_30__difficulty_hard__model=qwen2_5_32b,livecodebench_gt_2024_03_30__difficulty_hard,qwen2_5_32b,100,64,0.13061764076770838
livecodebench_gt_2024_03_30__difficulty_hard__model=qwen2_5_3b,livecodebench_gt_2024_03_30__difficulty_hard,qwen2_5_3b,100,8,0.05692624860607996
livecodebench_gt_2024_03_30__difficulty_hard__model=qwen2_5_3b,livecodebench_gt_2024_03_30__difficulty_hard,qwen2_5_3b,100,16,0.053412830907881285
livecodebench_gt_2024_03_30__difficulty_hard__model=qwen2_5_3b,livecodebench_gt_2024_03_30__difficulty_hard,qwen2_5_3b,100,32,0.051813948157592
livecodebench_gt_2024_03_30__difficulty_hard__model=qwen2_5_3b,livecodebench_gt_2024_03_30__difficulty_hard,qwen2_5_3b,100,64,0.051049918531689005
livecodebench_gt_2024_03_30__difficulty_hard__model=qwen2_5_7b,livecodebench_gt_2024_03_30__difficulty_hard,qwen2_5_7b,100,8,0.07454849745335057
livecodebench_gt_2024_03_30__difficulty_hard__model=qwen2_5_7b,livecodebench_gt_2024_03_30__difficulty_hard,qwen2_5_7b,100,16,0.07015392415014284
livecodebench_gt_2024_03_30__difficulty_hard__model=qwen2_5_7b,livecodebench_gt_2024_03_30__difficulty_hard,qwen2_5_7b,100,32,0.068146504720829
livecodebench_gt_2024_03_30__difficulty_hard__model=qwen2_5_7b,livecodebench_gt_2024_03_30__difficulty_hard,qwen2_5_7b,100,64,0.06718530017673784
livecodebench_gt_2024_03_30__difficulty_hard__model=qwen3_5_27b,livecodebench_gt_2024_03_30__difficulty_hard,qwen3_5_27b,100,8,0.5635046482301442
livecodebench_gt_2024_03_30__difficulty_hard__model=qwen3_5_27b,livecodebench_gt_2024_03_30__difficulty_hard,qwen3_5_27b,100,16,0.5547792174025105
livecodebench_gt_2024_03_30__difficulty_hard__model=qwen3_5_27b,livecodebench_gt_2024_03_30__difficulty_hard,qwen3_5_27b,100,32,0.5508257939621953
livecodebench_gt_2024_03_30__difficulty_hard__model=qwen3_5_27b,livecodebench_gt_2024_03_30__difficulty_hard,qwen3_5_27b,100,64,0.5488965374300956
livecodebench_gt_2024_03_30__difficulty_hard__model=qwen3_5_4b,livecodebench_gt_2024_03_30__difficulty_hard,qwen3_5_4b,100,8,0.4701091560485838
livecodebench_gt_2024_03_30__difficulty_hard__model=qwen3_5_4b,livecodebench_gt_2024_03_30__difficulty_hard,qwen3_5_4b,100,16,0.45930098011448345
livecodebench_gt_2024_03_30__difficulty_hard__model=qwen3_5_4b,livecodebench_gt_2024_03_30__difficulty_hard,qwen3_5_4b,100,32,0.45407810674448934
livecodebench_gt_2024_03_30__difficulty_hard__model=qwen3_5_4b,livecodebench_gt_2024_03_30__difficulty_hard,qwen3_5_4b,100,64,0.4515683250665874
livecodebench_gt_2024_03_30__difficulty_hard__model=qwen3_5_9b,livecodebench_gt_2024_03_30__difficulty_hard,qwen3_5_9b,100,8,0.5143412880191041
livecodebench_gt_2024_03_30__difficulty_hard__model=qwen3_5_9b,livecodebench_gt_2024_03_30__difficulty_hard,qwen3_5_9b,100,16,0.5026491648589124
livecodebench_gt_2024_03_30__difficulty_hard__model=qwen3_5_9b,livecodebench_gt_2024_03_30__difficulty_hard,qwen3_5_9b,100,32,0.49717283820745234
livecodebench_gt_2024_03_30__difficulty_hard__model=qwen3_5_9b,livecodebench_gt_2024_03_30__difficulty_hard,qwen3_5_9b,100,64,0.49449408839596243
livecodebench_gt_2024_03_30__difficulty_medium__model=qwen2_5_32b,livecodebench_gt_2024_03_30__difficulty_medium,qwen2_5_32b,100,8,0.5480959759813192
livecodebench_gt_2024_03_30__difficulty_medium__model=qwen2_5_32b,livecodebench_gt_2024_03_30__difficulty_medium,qwen2_5_32b,100,16,0.5354508735669846
livecodebench_gt_2024_03_30__difficulty_medium__model=qwen2_5_32b,livecodebench_gt_2024_03_30__difficulty_medium,qwen2_5_32b,100,32,0.5294249994550311
livecodebench_gt_2024_03_30__difficulty_medium__model=qwen2_5_32b,livecodebench_gt_2024_03_30__difficulty_medium,qwen2_5_32b,100,64,0.5264805077228412
livecodebench_gt_2024_03_30__difficulty_medium__model=qwen2_5_3b,livecodebench_gt_2024_03_30__difficulty_medium,qwen2_5_3b,100,8,0.27153111226701965
livecodebench_gt_2024_03_30__difficulty_medium__model=qwen2_5_3b,livecodebench_gt_2024_03_30__difficulty_medium,qwen2_5_3b,100,16,0.26147254314559665
livecodebench_gt_2024_03_30__difficulty_medium__model=qwen2_5_3b,livecodebench_gt_2024_03_30__difficulty_medium,qwen2_5_3b,100,32,0.2568117724076639
livecodebench_gt_2024_03_30__difficulty_medium__model=qwen2_5_3b,livecodebench_gt_2024_03_30__difficulty_medium,qwen2_5_3b,100,64,0.2545357317408595
livecodebench_gt_2024_03_30__difficulty_medium__model=qwen2_5_7b,livecodebench_gt_2024_03_30__difficulty_medium,qwen2_5_7b,100,8,0.3368712923042102
livecodebench_gt_2024_03_30__difficulty_medium__model=qwen2_5_7b,livecodebench_gt_2024_03_30__difficulty_medium,qwen2_5_7b,100,16,0.3243571115966034
livecodebench_gt_2024_03_30__difficulty_medium__model=qwen2_5_7b,livecodebench_gt_2024_03_30__difficulty_medium,qwen2_5_7b,100,32,0.3184434160383417
livecodebench_gt_2024_03_30__difficulty_medium__model=qwen2_5_7b,livecodebench_gt_2024_03_30__difficulty_medium,qwen2_5_7b,100,64,0.31556939174367915
livecodebench_gt_2024_03_30__difficulty_medium__model=qwen3_5_27b,livecodebench_gt_2024_03_30__difficulty_medium,qwen3_5_27b,100,8,0.7352855180508218
livecodebench_gt_2024_03_30__difficulty_medium__model=qwen3_5_27b,livecodebench_gt_2024_03_30__difficulty_medium,qwen3_5_27b,100,16,0.7289111813199424
livecodebench_gt_2024_03_30__difficulty_medium__model=qwen3_5_27b,livecodebench_gt_2024_03_30__difficulty_medium,qwen3_5_27b,100,32,0.7258491662940014
livecodebench_gt_2024_03_30__difficulty_medium__model=qwen3_5_27b,livecodebench_gt_2024_03_30__difficulty_medium,qwen3_5_27b,100,64,0.7244040201595676
livecodebench_gt_2024_03_30__difficulty_medium__model=qwen3_5_4b,livecodebench_gt_2024_03_30__difficulty_medium,qwen3_5_4b,100,8,0.7796443103614781
livecodebench_gt_2024_03_30__difficulty_medium__model=qwen3_5_4b,livecodebench_gt_2024_03_30__difficulty_medium,qwen3_5_4b,100,16,0.7733029840915634
livecodebench_gt_2024_03_30__difficulty_medium__model=qwen3_5_4b,livecodebench_gt_2024_03_30__difficulty_medium,qwen3_5_4b,100,32,0.7704263262474224
livecodebench_gt_2024_03_30__difficulty_medium__model=qwen3_5_4b,livecodebench_gt_2024_03_30__difficulty_medium,qwen3_5_4b,100,64,0.7690555283076398
livecodebench_gt_2024_03_30__difficulty_medium__model=qwen3_5_9b,livecodebench_gt_2024_03_30__difficulty_medium,qwen3_5_9b,100,8,0.8063326752138812
livecodebench_gt_2024_03_30__difficulty_medium__model=qwen3_5_9b,livecodebench_gt_2024_03_30__difficulty_medium,qwen3_5_9b,100,16,0.7988665309368276
livecodebench_gt_2024_03_30__difficulty_medium__model=qwen3_5_9b,livecodebench_gt_2024_03_30__difficulty_medium,qwen3_5_9b,100,32,0.7954345571827335
livecodebench_gt_2024_03_30__difficulty_medium__model=qwen3_5_9b,livecodebench_gt_2024_03_30__difficulty_medium,qwen3_5_9b,100,64,0.793764229509618
math_100__model=qwen2_5_32b,math_100,qwen2_5_32b,100,8,0.4350121988657991
math_100__model=qwen2_5_32b,math_100,qwen2_5_32b,100,16,0.4245257095324045
math_100__model=qwen2_5_32b,math_100,qwen2_5_32b,100,32,0.41947851210217835
math_100__model=qwen2_5_32b,math_100,qwen2_5_32b,100,64,0.41709589193821206
math_100__model=qwen2_5_3b,math_100,qwen2_5_3b,100,8,0.6681469843715014
math_100__model=qwen2_5_3b,math_100,qwen2_5_3b,100,16,0.6630158077960038
math_100__model=qwen2_5_3b,math_100,qwen2_5_3b,100,32,0.6607616568912948
math_100__model=qwen2_5_3b,math_100,qwen2_5_3b,100,64,0.6596937797927451
math_100__model=qwen2_5_7b,math_100,qwen2_5_7b,100,8,0.49588043092375766
math_100__model=qwen2_5_7b,math_100,qwen2_5_7b,100,16,0.4851361834001687
math_100__model=qwen2_5_7b,math_100,qwen2_5_7b,100,32,0.48017220184884224
math_100__model=qwen2_5_7b,math_100,qwen2_5_7b,100,64,0.47771387907715135
math_100__model=qwen3_5_27b,math_100,qwen3_5_27b,100,8,0.6720503707483876
math_100__model=qwen3_5_27b,math_100,qwen3_5_27b,100,16,0.6670899083632104
math_100__model=qwen3_5_27b,math_100,qwen3_5_27b,100,32,0.6645705566407918
math_100__model=qwen3_5_27b,math_100,qwen3_5_27b,100,64,0.6634893177891377
math_100__model=qwen3_5_4b,math_100,qwen3_5_4b,100,8,0.7756945797487984
math_100__model=qwen3_5_4b,math_100,qwen3_5_4b,100,16,0.7743533414105571
math_100__model=qwen3_5_4b,math_100,qwen3_5_4b,100,32,0.7737653533599045
math_100__model=qwen3_5_4b,math_100,qwen3_5_4b,100,64,0.7735657071914934
math_100__model=qwen3_5_9b,math_100,qwen3_5_9b,100,8,0.7222484009239788
math_100__model=qwen3_5_9b,math_100,qwen3_5_9b,100,16,0.7195700351776855
math_100__model=qwen3_5_9b,math_100,qwen3_5_9b,100,32,0.7186343560629764
math_100__model=qwen3_5_9b,math_100,qwen3_5_9b,100,64,0.7182153180399617
mmlu_science__subject_college_biology__model=qwen2_5_32b,mmlu_science__subject_college_biology,qwen2_5_32b,100,8,0.03320678864331635
mmlu_science__subject_college_biology__model=qwen2_5_32b,mmlu_science__subject_college_biology,qwen2_5_32b,100,16,0.03108718709521212
mmlu_science__subject_college_biology__model=qwen2_5_32b,mmlu_science__subject_college_biology,qwen2_5_32b,100,32,0.030125676187384366
mmlu_science__subject_college_biology__model=qwen2_5_32b,mmlu_science__subject_college_biology,qwen2_5_32b,100,64,0.029666903316134294
mmlu_science__subject_college_biology__model=qwen2_5_3b,mmlu_science__subject_college_biology,qwen2_5_3b,100,8,0.039464949777567496
mmlu_science__subject_college_biology__model=qwen2_5_3b,mmlu_science__subject_college_biology,qwen2_5_3b,100,16,0.03694580613603301
mmlu_science__subject_college_biology__model=qwen2_5_3b,mmlu_science__subject_college_biology,qwen2_5_3b,100,32,0.035803144364595176
mmlu_science__subject_college_biology__model=qwen2_5_3b,mmlu_science__subject_college_biology,qwen2_5_3b,100,64,0.035257909972915495
mmlu_science__subject_college_biology__model=qwen2_5_7b,mmlu_science__subject_college_biology,qwen2_5_7b,100,8,0.04259050133695358
mmlu_science__subject_college_biology__model=qwen2_5_7b,mmlu_science__subject_college_biology,qwen2_5_7b,100,16,0.0398718351673273
mmlu_science__subject_college_biology__model=qwen2_5_7b,mmlu_science__subject_college_biology,qwen2_5_7b,100,32,0.03863867369556123
mmlu_science__subject_college_biology__model=qwen2_5_7b,mmlu_science__subject_college_biology,qwen2_5_7b,100,64,0.03805026067226394
mmlu_science__subject_college_biology__model=qwen3_5_27b,mmlu_science__subject_college_biology,qwen3_5_27b,100,8,0.0322802233301698
mmlu_science__subject_college_biology__model=qwen3_5_27b,mmlu_science__subject_college_biology,qwen3_5_27b,100,16,0.03028680209672088
mmlu_science__subject_college_biology__model=qwen3_5_27b,mmlu_science__subject_college_biology,qwen3_5_27b,100,32,0.029380179073337048
mmlu_science__subject_college_biology__model=qwen3_5_27b,mmlu_science__subject_college_biology,qwen3_5_27b,100,64,0.028946863905598433
mmlu_science__subject_college_biology__model=qwen3_5_4b,mmlu_science__subject_college_biology,qwen3_5_4b,100,8,0.111463093492725
mmlu_science__subject_college_biology__model=qwen3_5_4b,mmlu_science__subject_college_biology,qwen3_5_4b,100,16,0.10559769245912423
mmlu_science__subject_college_biology__model=qwen3_5_4b,mmlu_science__subject_college_biology,qwen3_5_4b,100,32,0.10288682870406304
mmlu_science__subject_college_biology__model=qwen3_5_4b,mmlu_science__subject_college_biology,qwen3_5_4b,100,64,0.10158377974378838
mmlu_science__subject_college_biology__model=qwen3_5_9b,mmlu_science__subject_college_biology,qwen3_5_9b,100,8,0.06558771390003898
mmlu_science__subject_college_biology__model=qwen3_5_9b,mmlu_science__subject_college_biology,qwen3_5_9b,100,16,0.061631925662962876
mmlu_science__subject_college_biology__model=qwen3_5_9b,mmlu_science__subject_college_biology,qwen3_5_9b,100,32,0.059827309026917234
mmlu_science__subject_college_biology__model=qwen3_5_9b,mmlu_science__subject_college_biology,qwen3_5_9b,100,64,0.05896434869562042
mmlu_science__subject_college_chemistry__model=qwen2_5_32b,mmlu_science__subject_college_chemistry,qwen2_5_32b,100,8,0.2406621645931535
mmlu_science__subject_college_chemistry__model=qwen2_5_32b,mmlu_science__subject_college_chemistry,qwen2_5_32b,100,16,0.22947713497452096
mmlu_science__subject_college_chemistry__model=qwen2_5_32b,mmlu_science__subject_college_chemistry,qwen2_5_32b,100,32,0.22425773970070162
mmlu_science__subject_college_chemistry__model=qwen2_5_32b,mmlu_science__subject_college_chemistry,qwen2_5_32b,100,64,0.22173926906492694
mmlu_science__subject_college_chemistry__model=qwen2_5_3b,mmlu_science__subject_college_chemistry,qwen2_5_3b,100,8,0.13168579618052742
mmlu_science__subject_college_chemistry__model=qwen2_5_3b,mmlu_science__subject_college_chemistry,qwen2_5_3b,100,16,0.12401913186742677
mmlu_science__subject_college_chemistry__model=qwen2_5_3b,mmlu_science__subject_college_chemistry,qwen2_5_3b,100,32,0.12051178267283814
mmlu_science__subject_college_chemistry__model=qwen2_5_3b,mmlu_science__subject_college_chemistry,qwen2_5_3b,100,64,0.11883153761725017
mmlu_science__subject_college_chemistry__model=qwen2_5_7b,mmlu_science__subject_college_chemistry,qwen2_5_7b,100,8,0.1433171725389131
mmlu_science__subject_college_chemistry__model=qwen2_5_7b,mmlu_science__subject_college_chemistry,qwen2_5_7b,100,16,0.13507430796835337
mmlu_science__subject_college_chemistry__model=qwen2_5_7b,mmlu_science__subject_college_chemistry,qwen2_5_7b,100,32,0.13129865233611504
mmlu_science__subject_college_chemistry__model=qwen2_5_7b,mmlu_science__subject_college_chemistry,qwen2_5_7b,100,64,0.12948899880768644
mmlu_science__subject_college_chemistry__model=qwen3_5_27b,mmlu_science__subject_college_chemistry,qwen3_5_27b,100,8,0.09503858894456221
mmlu_science__subject_college_chemistry__model=qwen3_5_27b,mmlu_science__subject_college_chemistry,qwen3_5_27b,100,16,0.08950480769850643
mmlu_science__subject_college_chemistry__model=qwen3_5_27b,mmlu_science__subject_college_chemistry,qwen3_5_27b,100,32,0.08697327006972798
mmlu_science__subject_college_chemistry__model=qwen3_5_27b,mmlu_science__subject_college_chemistry,qwen3_5_27b,100,64,0.0857605171950553
mmlu_science__subject_college_chemistry__model=qwen3_5_4b,mmlu_science__subject_college_chemistry,qwen3_5_4b,100,8,0.16824916475188192
mmlu_science__subject_college_chemistry__model=qwen3_5_4b,mmlu_science__subject_college_chemistry,qwen3_5_4b,100,16,0.16026061068507738
mmlu_science__subject_college_chemistry__model=qwen3_5_4b,mmlu_science__subject_college_chemistry,qwen3_5_4b,100,32,0.15656048084520674
mmlu_science__subject_college_chemistry__model=qwen3_5_4b,mmlu_science__subject_college_chemistry,qwen3_5_4b,100,64,0.1547769141322128
mmlu_science__subject_college_chemistry__model=qwen3_5_9b,mmlu_science__subject_college_chemistry,qwen3_5_9b,100,8,0.1367426321036428
mmlu_science__subject_college_chemistry__model=qwen3_5_9b,mmlu_science__subject_college_chemistry,qwen3_5_9b,100,16,0.12981178476505306
mmlu_science__subject_college_chemistry__model=qwen3_5_9b,mmlu_science__subject_college_chemistry,qwen3_5_9b,100,32,0.12661053767921893
mmlu_science__subject_college_chemistry__model=qwen3_5_9b,mmlu_science__subject_college_chemistry,qwen3_5_9b,100,64,0.12506659289658384
mmlu_science__subject_college_physics__model=qwen2_5_32b,mmlu_science__subject_college_physics,qwen2_5_32b,100,8,0.2932680969987819
mmlu_science__subject_college_physics__model=qwen2_5_32b,mmlu_science__subject_college_physics,qwen2_5_32b,100,16,0.2811239710561522
mmlu_science__subject_college_physics__model=qwen2_5_32b,mmlu_science__subject_college_physics,qwen2_5_32b,100,32,0.2754564748551673
mmlu_science__subject_college_physics__model=qwen2_5_32b,mmlu_science__subject_college_physics,qwen2_5_32b,100,64,0.2727099457988264
mmlu_science__subject_college_physics__model=qwen2_5_3b,mmlu_science__subject_college_physics,qwen2_5_3b,100,8,0.14533905063416144
mmlu_science__subject_college_physics__model=qwen2_5_3b,mmlu_science__subject_college_physics,qwen2_5_3b,100,16,0.13708043364106987
mmlu_science__subject_college_physics__model=qwen2_5_3b,mmlu_science__subject_college_physics,qwen2_5_3b,100,32,0.13329411769547647
mmlu_science__subject_college_physics__model=qwen2_5_3b,mmlu_science__subject_college_physics,qwen2_5_3b,100,64,0.1314784443220099
mmlu_science__subject_college_physics__model=qwen2_5_7b,mmlu_science__subject_college_physics,qwen2_5_7b,100,8,0.15653885141351426
mmlu_science__subject_college_physics__model=qwen2_5_7b,mmlu_science__subject_college_physics,qwen2_5_7b,100,16,0.1477510612719318
mmlu_science__subject_college_physics__model=qwen2_5_7b,mmlu_science__subject_college_physics,qwen2_5_7b,100,32,0.14371822731977343
mmlu_science__subject_college_physics__model=qwen2_5_7b,mmlu_science__subject_college_physics,qwen2_5_7b,100,64,0.14178359321190073
mmlu_science__subject_college_physics__model=qwen3_5_27b,mmlu_science__subject_college_physics,qwen3_5_27b,100,8,0.024169934959753694
mmlu_science__subject_college_physics__model=qwen3_5_27b,mmlu_science__subject_college_physics,qwen3_5_27b,100,16,0.02264410965977823
mmlu_science__subject_college_physics__model=qwen3_5_27b,mmlu_science__subject_college_physics,qwen3_5_27b,100,32,0.02195125350107188
mmlu_science__subject_college_physics__model=qwen3_5_27b,mmlu_science__subject_college_physics,qwen3_5_27b,100,64,0.02162048151168863
mmlu_science__subject_college_physics__model=qwen3_5_4b,mmlu_science__subject_college_physics,qwen3_5_4b,100,8,0.06524631564700377
mmlu_science__subject_college_physics__model=qwen3_5_4b,mmlu_science__subject_college_physics,qwen3_5_4b,100,16,0.06163115538219245
mmlu_science__subject_college_physics__model=qwen3_5_4b,mmlu_science__subject_college_physics,qwen3_5_4b,100,32,0.05996943707522471
mmlu_science__subject_college_physics__model=qwen3_5_4b,mmlu_science__subject_college_physics,qwen3_5_4b,100,64,0.05917156513813138
mmlu_science__subject_college_physics__model=qwen3_5_9b,mmlu_science__subject_college_physics,qwen3_5_9b,100,8,0.02983060552854167
mmlu_science__subject_college_physics__model=qwen3_5_9b,mmlu_science__subject_college_physics,qwen3_5_9b,100,16,0.02796859081117788
mmlu_science__subject_college_physics__model=qwen3_5_9b,mmlu_science__subject_college_physics,qwen3_5_9b,100,32,0.02712207090623797
mmlu_science__subject_college_physics__model=qwen3_5_9b,mmlu_science__subject_college_physics,qwen3_5_9b,100,64,0.026717746075014558
supergpqa_science__field_biology__model=qwen2_5_32b,supergpqa_science__field_biology,qwen2_5_32b,100,8,0.287496736056894
supergpqa_science__field_biology__model=qwen2_5_32b,supergpqa_science__field_biology,qwen2_5_32b,100,16,0.2748713104922425
supergpqa_science__field_biology__model=qwen2_5_32b,supergpqa_science__field_biology,qwen2_5_32b,100,32,0.2689789604678133
supergpqa_science__field_biology__model=qwen2_5_32b,supergpqa_science__field_biology,qwen2_5_32b,100,64,0.266129142012336
supergpqa_science__field_biology__model=qwen2_5_3b,supergpqa_science__field_biology,qwen2_5_3b,100,8,0.10971240141064602
supergpqa_science__field_biology__model=qwen2_5_3b,supergpqa_science__field_biology,qwen2_5_3b,100,16,0.10317164926973948
supergpqa_science__field_biology__model=qwen2_5_3b,supergpqa_science__field_biology,qwen2_5_3b,100,32,0.1001856936501406
supergpqa_science__field_biology__model=qwen2_5_3b,supergpqa_science__field_biology,qwen2_5_3b,100,64,0.09875666358830755
supergpqa_science__field_biology__model=qwen2_5_7b,supergpqa_science__field_biology,qwen2_5_7b,100,8,0.08273357904087561
supergpqa_science__field_biology__model=qwen2_5_7b,supergpqa_science__field_biology,qwen2_5_7b,100,16,0.07768543082082784
supergpqa_science__field_biology__model=qwen2_5_7b,supergpqa_science__field_biology,qwen2_5_7b,100,32,0.07538566079377418
supergpqa_science__field_biology__model=qwen2_5_7b,supergpqa_science__field_biology,qwen2_5_7b,100,64,0.07428613942845362
supergpqa_science__field_biology__model=qwen3_5_27b,supergpqa_science__field_biology,qwen3_5_27b,100,8,0.4056942550514006
supergpqa_science__field_biology__model=qwen3_5_27b,supergpqa_science__field_biology,qwen3_5_27b,100,16,0.39317318152871644
supergpqa_science__field_biology__model=qwen3_5_27b,supergpqa_science__field_biology,qwen3_5_27b,100,32,0.3872347447314886
supergpqa_science__field_biology__model=qwen3_5_27b,supergpqa_science__field_biology,qwen3_5_27b,100,64,0.3843598645736044
supergpqa_science__field_biology__model=qwen3_5_4b,supergpqa_science__field_biology,qwen3_5_4b,100,8,0.541647380060199
supergpqa_science__field_biology__model=qwen3_5_4b,supergpqa_science__field_biology,qwen3_5_4b,100,16,0.529966183837954
supergpqa_science__field_biology__model=qwen3_5_4b,supergpqa_science__field_biology,qwen3_5_4b,100,32,0.5242476890092463
supergpqa_science__field_biology__model=qwen3_5_4b,supergpqa_science__field_biology,qwen3_5_4b,100,64,0.5215088056660858
supergpqa_science__field_biology__model=qwen3_5_9b,supergpqa_science__field_biology,qwen3_5_9b,100,8,0.5403398013950866
supergpqa_science__field_biology__model=qwen3_5_9b,supergpqa_science__field_biology,qwen3_5_9b,100,16,0.5276044230092689
supergpqa_science__field_biology__model=qwen3_5_9b,supergpqa_science__field_biology,qwen3_5_9b,100,32,0.5214266768949398
supergpqa_science__field_biology__model=qwen3_5_9b,supergpqa_science__field_biology,qwen3_5_9b,100,64,0.5184646480948497
supergpqa_science__field_chemistry__model=qwen2_5_32b,supergpqa_science__field_chemistry,qwen2_5_32b,100,8,0.5480316998927489
supergpqa_science__field_chemistry__model=qwen2_5_32b,supergpqa_science__field_chemistry,qwen2_5_32b,100,16,0.5368259892552396
supergpqa_science__field_chemistry__model=qwen2_5_32b,supergpqa_science__field_chemistry,qwen2_5_32b,100,32,0.531353714231353
supergpqa_science__field_chemistry__model=qwen2_5_32b,supergpqa_science__field_chemistry,qwen2_5_32b,100,64,0.5287457784011402
supergpqa_science__field_chemistry__model=qwen2_5_3b,supergpqa_science__field_chemistry,qwen2_5_3b,100,8,0.3048749157503183
supergpqa_science__field_chemistry__model=qwen2_5_3b,supergpqa_science__field_chemistry,qwen2_5_3b,100,16,0.291649220227654
supergpqa_science__field_chemistry__model=qwen2_5_3b,supergpqa_science__field_chemistry,qwen2_5_3b,100,32,0.28549706995529456
supergpqa_science__field_chemistry__model=qwen2_5_3b,supergpqa_science__field_chemistry,qwen2_5_3b,100,64,0.2825177731362853
supergpqa_science__field_chemistry__model=qwen2_5_7b,supergpqa_science__field_chemistry,qwen2_5_7b,100,8,0.18971329523975036
supergpqa_science__field_chemistry__model=qwen2_5_7b,supergpqa_science__field_chemistry,qwen2_5_7b,100,16,0.17970442210008974
supergpqa_science__field_chemistry__model=qwen2_5_7b,supergpqa_science__field_chemistry,qwen2_5_7b,100,32,0.1750965135639692
supergpqa_science__field_chemistry__model=qwen2_5_7b,supergpqa_science__field_chemistry,qwen2_5_7b,100,64,0.17287817485709298
supergpqa_science__field_chemistry__model=qwen3_5_27b,supergpqa_science__field_chemistry,qwen3_5_27b,100,8,0.41080129110079544
supergpqa_science__field_chemistry__model=qwen3_5_27b,supergpqa_science__field_chemistry,qwen3_5_27b,100,16,0.3995407393570975
supergpqa_science__field_chemistry__model=qwen3_5_27b,supergpqa_science__field_chemistry,qwen3_5_27b,100,32,0.39403488066047654
supergpqa_science__field_chemistry__model=qwen3_5_27b,supergpqa_science__field_chemistry,qwen3_5_27b,100,64,0.3914256496360165
supergpqa_science__field_chemistry__model=qwen3_5_4b,supergpqa_science__field_chemistry,qwen3_5_4b,100,8,0.5280675233046743
supergpqa_science__field_chemistry__model=qwen3_5_4b,supergpqa_science__field_chemistry,qwen3_5_4b,100,16,0.5165369195831255
supergpqa_science__field_chemistry__model=qwen3_5_4b,supergpqa_science__field_chemistry,qwen3_5_4b,100,32,0.510975202314669
supergpqa_science__field_chemistry__model=qwen3_5_4b,supergpqa_science__field_chemistry,qwen3_5_4b,100,64,0.5083138639306128
supergpqa_science__field_chemistry__model=qwen3_5_9b,supergpqa_science__field_chemistry,qwen3_5_9b,100,8,0.49332201055748226
supergpqa_science__field_chemistry__model=qwen3_5_9b,supergpqa_science__field_chemistry,qwen3_5_9b,100,16,0.4811300092707183
supergpqa_science__field_chemistry__model=qwen3_5_9b,supergpqa_science__field_chemistry,qwen3_5_9b,100,32,0.4754443581601064
supergpqa_science__field_chemistry__model=qwen3_5_9b,supergpqa_science__field_chemistry,qwen3_5_9b,100,64,0.47265807732630466
supergpqa_science__field_physics__model=qwen2_5_32b,supergpqa_science__field_physics,qwen2_5_32b,100,8,0.6339178879025996
supergpqa_science__field_physics__model=qwen2_5_32b,supergpqa_science__field_physics,qwen2_5_32b,100,16,0.6244951794067362
supergpqa_science__field_physics__model=qwen2_5_32b,supergpqa_science__field_physics,qwen2_5_32b,100,32,0.6200256772536049
supergpqa_science__field_physics__model=qwen2_5_32b,supergpqa_science__field_physics,qwen2_5_32b,100,64,0.6178533767260438
supergpqa_science__field_physics__model=qwen2_5_3b,supergpqa_science__field_physics,qwen2_5_3b,100,8,0.3201956844903245
supergpqa_science__field_physics__model=qwen2_5_3b,supergpqa_science__field_physics,qwen2_5_3b,100,16,0.30654204178325967
supergpqa_science__field_physics__model=qwen2_5_3b,supergpqa_science__field_physics,qwen2_5_3b,100,32,0.3001688068348572
supergpqa_science__field_physics__model=qwen2_5_3b,supergpqa_science__field_physics,qwen2_5_3b,100,64,0.2970860144859206
supergpqa_science__field_physics__model=qwen2_5_7b,supergpqa_science__field_physics,qwen2_5_7b,100,8,0.18750502825589224
supergpqa_science__field_physics__model=qwen2_5_7b,supergpqa_science__field_physics,qwen2_5_7b,100,16,0.1774899250922023
supergpqa_science__field_physics__model=qwen2_5_7b,supergpqa_science__field_physics,qwen2_5_7b,100,32,0.17287933482835377
supergpqa_science__field_physics__model=qwen2_5_7b,supergpqa_science__field_physics,qwen2_5_7b,100,64,0.1706624751554708
supergpqa_science__field_physics__model=qwen3_5_27b,supergpqa_science__field_physics,qwen3_5_27b,100,8,0.36302043663295996
supergpqa_science__field_physics__model=qwen3_5_27b,supergpqa_science__field_physics,qwen3_5_27b,100,16,0.3521742215004294
supergpqa_science__field_physics__model=qwen3_5_27b,supergpqa_science__field_physics,qwen3_5_27b,100,32,0.3469980823762024
supergpqa_science__field_physics__model=qwen3_5_27b,supergpqa_science__field_physics,qwen3_5_27b,100,64,0.3444798474201245
supergpqa_science__field_physics__model=qwen3_5_4b,supergpqa_science__field_physics,qwen3_5_4b,100,8,0.49114940802320295
supergpqa_science__field_physics__model=qwen3_5_4b,supergpqa_science__field_physics,qwen3_5_4b,100,16,0.4815765193531447
supergpqa_science__field_physics__model=qwen3_5_4b,supergpqa_science__field_physics,qwen3_5_4b,100,32,0.47741423146566364
supergpqa_science__field_physics__model=qwen3_5_4b,supergpqa_science__field_physics,qwen3_5_4b,100,64,0.47537140650880794
supergpqa_science__field_physics__model=qwen3_5_9b,supergpqa_science__field_physics,qwen3_5_9b,100,8,0.4506720618657323
supergpqa_science__field_physics__model=qwen3_5_9b,supergpqa_science__field_physics,qwen3_5_9b,100,16,0.4405851083206325
supergpqa_science__field_physics__model=qwen3_5_9b,supergpqa_science__field_physics,qwen3_5_9b,100,32,0.43586792984202566
supergpqa_science__field_physics__model=qwen3_5_9b,supergpqa_science__field_physics,qwen3_5_9b,100,64,0.4335629548799976
